Name,site,chemotype,Lon,Lat,ele,time,Date,Site.Code.on.Vial,Skies,Wind,Temp..degrees.C.,Humdity,vial.,Species,Filter,Pump,corolla.diameter.1,corolla.diameter.2,floral.flare,filiment.length,style.length,tube.length,nectar.length,sucrose.equiv.,dry.flower.weight,GPS.coords.notes,corolla.mean
4001,Walsenburg,1,-104.759648,37.618611,NA,,11-May,WALS,clear,0,13.2,72.4,1682,O. harry,32,41,53.46,60.92,5.58,11.82,81.14,65.94,1.52,23,0.0836,hard to read S. eq.,83.92
4002,Walsenburg,0,-104.759638,37.618617,NA,,11-May,WALS,clear,0,13.2,72.4,1683,O. harry,35,22,58.24,59.78,5.96,15.08,84.81,57.18,1.8,19,0.0793,"shit ton of aphids, SE hard to read",88.13
4003,Walsenburg,1,-104.759607,37.618619,NA,,11-May,WALS,clear,0,13.2,72.4,1684,O. harry,34,1,57.89,57.59,5.42,16.54,78.43,52.29,3.66,NA,0.1018,not enough for SE,86.685
4004,Walsenburg,1,-104.759621,37.618553,NA,,11-May,WALS,clear,0,13.2,72.4,1685,O. harry,31,34,61.35,57.84,5.48,14.78,77.78,56.95,0,NA,0.087,,90.27
4005,Walsenburg,1,-104.759621,37.618527,NA,,11-May,WALS,clear,0,13.2,72.4,1686,O. harry,20,24,54.6,55.02,6.65,11.85,77.2,53.66,9.62,26,0.0723,"5 petals - 2 overlapping, 9 anthers ",82.11
4006,Walsenburg,1,-104.759636,37.618554,NA,,11-May,WALS,clear,0,13.2,72.4,1687,O. harry,30,27,58.76,55.72,7.04,13.85,70.23,51.96,0,NA,0.0902,petal ripped,86.62
4007,Walsenburg,NA,-104.759589,37.618524,NA,,11-May,WALS,clear,0,13.2,72.4,1688,O. harry,36,20,59.65,59,7.47,14.3,85.56,65.69,0,NA,0.1066,,89.15
4008,Walsenburg,NA,-104.759579,37.618449,NA,,11-May,WALS,clear,0,13.2,72.4,1689,O. harry,28,17,59.69,64.6,5.95,13.69,85.14,62.41,22.59,26,0.1075,petal torn,91.99
4009,Walsenburg,0,-104.759572,37.618435,NA,,11-May,WALS,clear,0,13.2,72.4,1690,O. harry,29,32,62.54,62.66,7.16,15.75,100.13,74.18,17.24,29,0.1176,flower damaged,93.87
4010,Walsenburg,1,-104.759548,37.618436,NA,,11-May,WALS,clear,0,13.2,72.4,1691,O. harry,37,16,69.99,67.88,6.25,16.46,93.67,71.4,0,NA,0.1191,,103.93
4011,Walsenburg,1,-104.759535,37.618438,NA,,11-May,WALS,clear,0,13.2,72.4,1692,O. harry,43,29,63.45,62.69,5.35,16.22,80.69,57.99,21.59,29,0.0976,,94.795
4012,Walsenburg,1,-104.759385,37.618386,NA,,11-May,WALS,clear,0,13.2,72.4,1693,O. harry,39,2,58.46,57.54,6.38,14.53,89.55,65.03,17.73,20,0.1163,,87.23
4013,Walsenburg,1,-104.759468,37.618414,NA,,11-May,WALS,clear,0,13.2,72.4,1694,O. harry,42,36,52.11,54.45,6.68,13.81,84.05,61.86,0,NA,0.0972,petal damage,79.335
4014,Walsenburg,1,-104.759429,37.618315,NA,,11-May,WALS,clear,0,13.2,72.4,1695,O. harry,26,6,55.28,57.83,6.48,14.88,85.92,66,20.9,26,0.0891,,84.195
4015,Walsenburg,0,-104.75948,37.618291,NA,,11-May,WALS,clear,0,13.2,72.4,1696,O. harry,29,45,45.35,42.53,5.74,10.64,67.98,50.42,NA,NA,0.0811,"petal damage, cut before ovary",66.615
4016,Walsenburg,1,-104.759416,37.618235,NA,,11-May,WALS,clear,0,13.2,72.4,1697,O. harry,27,25,44.85,42.47,4.67,10.9,63,45.64,12.17,29,0.0648,petal torn,66.085
4017,Walsenburg,1,-104.759357,37.618318,NA,,11-May,WALS,clear,0,13.2,72.4,1698,O. harry,44,35,58.31,56.4,6.66,15.37,92.05,76.79,25.35,27,0.1293,,86.51
4018,Walsenburg,0,-104.759345,37.618319,NA,,11-May,WALS,clear,0,13.2,72.4,1699,O. harry,47,18,66.16,62.81,5.7,13.69,84.58,60.87,21.42,25,0.1065,,97.565
4019,Walsenburg,1,-104.759461,37.618262,NA,,11-May,WALS,clear,0,13.2,72.4,1700,O. harry,19,42,48.16,53.88,5.84,12.64,80.33,59.69,0,NA,0.0969,,75.1
4020,Walsenburg,1,-104.759262,37.618527,NA,,11-May,WALS,clear,0,13.2,72.4,1701,O. harry,23,13,62.64,63.79,5.69,14.12,76.06,54.23,0,NA,0.0969,,94.535
4021,Walsenburg,1,-104.759393,37.618747,NA,,11-May,WALS,clear,0,13.2,72.4,1702,O. harry,41,10,57.37,59.02,5.29,13.54,78.4,53.53,2.01,20,0.0875,,86.88
4022,Walsenburg,1,-104.759577,37.618497,NA,,11-May,WALS,clear,0,13.2,72.4,1703,O. harry,24,31,46.81,52.22,6.17,11.23,74.7,57.5,13.48,23.5,0.1118,aphids in tube,72.92
4023,Walsenburg,1,-104.759573,37.618513,NA,,11-May,WALS,clear,0,13.2,72.4,1704,O. harry,22,30,47.33,44.52,4.18,12.7,70.19,49.86,6.51,21,0.0817,,69.59
4024,Walsenburg,1,-104.759504,37.618516,NA,,11-May,WALS,clear,0,13.2,72.4,1705,O. harry,33,4,53.86,49.85,6.85,13.04,73.2,52.44,1.33,NA,0.0988,too small for sucrose,78.785
4025,Walsenburg,1,-104.759582,37.618548,NA,,11-May,WALS,clear,0,13.2,72.4,1706,O. harry,38,19,43.48,41.72,3.96,9.35,37.02,29.68,0,NA,0.0844,,64.34
4026,Walsenburg,1,-104.75968,37.618595,NA,,11-May,WALS,clear,0,13.2,72.4,1707,O. harry,25,7,63.27,66.37,5.98,13.87,97.64,74.45,36,28,0.1092,,96.455
4027,Walsenburg,1,-104.759495,37.618327,NA,,11-May,WALS,clear,0,13.2,72.4,1708,O. harry,18,43,57.53,60.39,6,12.64,88.48,63.56,0,NA,0.1025,petal torn,87.725
4028,Walsenburg,1,-104.759545,37.618468,NA,,11-May,WALS,clear,0,13.2,72.4,1709,O. harry,53,9,50.37,49.85,3.98,12.14,70.62,48.25,18.63,25,0.0602,,75.295
4029,Walsenburg,0,-104.759534,37.618467,NA,,11-May,WALS,clear,0,13.2,72.4,1710,O. harry,12,14,37.77,39.04,4.31,10.34,46.87,26.85,0.8,NA,0.0639,aphids,57.29
4030,Walsenburg,0,-104.759569,37.61943,NA,,11-May,WALS,clear,0,13.2,72.4,1711,O. harry,11,26,49.97,50.95,6.86,11.57,81.97,59.84,4.33,NA,0.0816,,75.445
4031,Walsenburg,1,-104.759632,37.619504,NA,,11-May,WALS,clear,0,13.2,72.4,1712,O. harry,36,15,59.79,60.7,7.18,11.42,73.53,57.86,0,NA,0.1138,,90.14
4032,Walsenburg,1,-104.759472,37.618554,NA,,12-May,WALS,partly cloudy,0.9,18.8,54,1716,O. harry,39,26,61.3,62.75,7.82,15.87,74.52,53.56,36.53,35,0.0883,petal damage,92.675
4033,Walsenburg,1,-104.759577,37.618561,NA,,12-May,WALS,partly cloudy,0.9,18.8,54,1717,O. harry,48,36,56.4,60.81,6.96,15.82,82.57,55.4,17.47,30,0.0858,slight petal damage,86.805
4034,Walsenburg,1,-104.759587,37.618579,NA,,12-May,WALS,partly cloudy,0.9,18.8,54,1718,O. harry,49,15,57.14,56.87,4.98,15.36,85.2,62.94,67.72,32,0.0865,,85.575
4035,Walsenburg,1,-104.759597,37.618565,NA,,12-May,WALS,partly cloudy,0.9,18.8,54,1719,O. harry,33,13,59.81,58.86,7.82,17.17,79.44,57.29,33.66,34,0.0897,,89.24
4036,Walsenburg,1,-104.759583,37.618619,NA,,12-May,WALS,partly cloudy,0.9,18.8,54,1720,O. harry,50,4,66.72,63.77,6.91,16.06,78.19,50.69,0,NA,0.1135,may have been cut too short,98.605
4037,Walsenburg,1,-104.759566,37.618568,NA,,12-May,WALS,partly cloudy,0.9,18.8,54,1721,O. harry,63,25,62.43,56.05,7.1,14.74,78.92,58.54,82.04,20.5,0.1014,low petal damage snowflake,90.455
4038,Walsenburg,1,-104.759543,37.618551,NA,,12-May,WALS,partly cloudy,0.9,18.8,54,1722,O. harry,45,10,55.49,53.41,6.22,14.98,91.17,66.9,37.92,30.5,0.0688,slight petal damage,82.195
4039,Walsenburg,1,-104.759567,37.618534,NA,,12-May,WALS,partly cloudy,0.9,18.8,54,1723,O. harry,44,42,53.22,56.83,7.68,15.67,81.3,61.64,28.05,37,0.0826,,81.635
4040,Walsenburg,1,-104.759479,37.618489,NA,,12-May,WALS,partly cloudy,0.9,18.8,54,1724,O. harry,52,5,66.1,64.21,6.65,18.89,89.5,67.19,65.43,31,0.0902,,98.205
4041,Walsenburg,0,-104.759495,37.61847,NA,,12-May,WALS,partly cloudy,0.9,18.8,54,1725,O. harry,18,45,54.12,55.95,5.74,8.34,72.94,51.68,40.71,30,0.0746,"nectar leaking tube crack, red-brown anthers, no polllen slight petal damage",82.095
4042,Walsenburg,1,-104.759494,37.618449,NA,,12-May,WALS,partly cloudy,0.9,18.8,54,1726,O. harry,54,2,55.74,58.6,6.68,15.24,81.52,62.04,62.12,35,0.0865,,85.04
4043,Walsenburg,1,-104.759466,37.6184,NA,,12-May,WALS,partly cloudy,0.9,18.8,54,1727,O. harry,22,29,57.1,59.77,5.34,15,79.75,53.58,23.47,30.5,0.0757,aphids!,86.985
4044,Walsenburg,1,-104.759419,37.618334,NA,,12-May,WALS,partly cloudy,0.9,18.8,54,1728,O. harry,38,35,60.42,60.37,6.86,16.27,75.33,54.48,26.7,32,0.0805,,90.605
4045,Walsenburg,1,-104.759404,37.618303,NA,,12-May,WALS,partly cloudy,0.9,18.8,54,1729,O. harry,35,14,63.72,64.6,8.16,17.91,101.73,74.23,92.52,34,0.0798,"pink anthers, minor petal damage, style broke",96.02
4046,Walsenburg,1,-104.759407,37.618301,NA,,12-May,WALS,partly cloudy,0.9,18.8,54,1730,O. harry,51,18,56.57,57.82,6.42,14.89,79.12,59.03,37.44,35.5,0.0873,petal rip,85.48
4047,Walsenburg,1,-104.759405,37.618287,NA,,12-May,WALS,partly cloudy,0.9,18.8,54,1731,O. harry,56,6,63.38,61.93,7.5,13.67,86.16,65.63,49.91,35,0.0792,,94.345
4048,Walsenburg,1,-104.759374,37.61831,NA,,12-May,WALS,partly cloudy,0.9,18.8,54,1732,O. harry,86,31,58.53,60.08,6.75,14.1,87.14,66.45,82.43,30,0.092,,88.57
4049,Walsenburg,1,-104.759352,37.618327,NA,,12-May,WALS,partly cloudy,0.9,18.8,54,1733,O. harry,41,30,60.47,65.53,6.67,14.18,94.95,69.37,30.82,34.5,0.1078,petal damage,93.235
4050,Walsenburg,1,-104.759352,37.618326,NA,,12-May,WALS,partly cloudy,0.9,18.8,54,1734,O. harry,25,43,64.28,64.77,6.49,16.62,100.75,75.35,5.43,35,0.0937,,96.665
4051,Walsenburg,1,-104.759355,37.61831,NA,,12-May,WALS,partly cloudy,0.9,18.8,54,1735,O. harry,29,27,73.36,77.9,6.98,15.09,84.51,64.65,48.69,30.5,0.1185,,112.31
4052,Walsenburg,1,-104.75935,37.618316,NA,,12-May,WALS,partly cloudy,0.9,18.8,54,1736,O. harry,47,19,61.44,62.49,6.35,15.94,85.92,61.33,58.16,33,0.0933,petal damage,92.685
4053,Walsenburg,0,-104.759325,37.618324,NA,,12-May,WALS,partly cloudy,0.9,18.8,54,1737,O. harry,55,16,65.83,73.28,7.44,15.51,87.04,61.23,70.53,33.5,0.1146,,102.47
4054,Walsenburg,1,-104.759339,37.618326,NA,,12-May,WALS,partly cloudy,0.9,18.8,54,1738,O. harry,57,32,71.74,67.72,8.53,14.19,95.32,72.8,48.18,35,0.1284,,105.6
4055,Walsenburg,0,-104.759342,37.618348,NA,,12-May,WALS,partly cloudy,0.9,18.8,54,1739,O. harry,20,41,64.52,70.15,6.87,19.59,96.85,67.22,34.3,33,0.1112,,99.595
4056,Walsenburg,1,-104.759373,37.618381,NA,,12-May,WALS,partly cloudy,0.9,18.8,54,1740,O. harry,58,17,59.64,58.97,6.18,14.11,63.6,80.16,38.75,33,0.0775,,89.125
4057,Walsenburg,1,-104.759116,37.618388,NA,,12-May,WALS,partly cloudy,0.9,18.8,54,1741,O. harry,59,34,62.78,67.17,7.88,17.48,88.91,65.71,54.2,35,0.1361,pink anthers,96.365
4058,Walsenburg,1,-104.759233,37.618498,NA,,12-May,WALS,partly cloudy,0.9,18.8,54,1742,O. harry,42,22,62.52,67.77,7.61,15.26,80.8,57.97,87,31,0.0924,,96.405
4059,Walsenburg,1,-104.759229,37.618505,NA,,12-May,WALS,partly cloudy,0.9,18.8,54,1743,O. harry,30,44,62.59,64.44,7.53,15.16,84.25,62.65,31.6,30.5,0.0746,,94.81
4060,Walsenburg,1,-104.759233,37.618485,NA,,12-May,WALS,partly cloudy,0.9,18.8,54,1744,O. harry,60,20,69.59,67.04,6.31,15.52,82.66,59.09,8.31,27,0.0948,bug in filter,103.11
4061,Walsenburg,1,-104.759239,37.618494,NA,,12-May,WALS,partly cloudy,0.9,18.8,54,1745,O. harry,62,9,56.48,61.09,7.59,14.37,88.96,71.74,0,NA,0.0792,tube bend,87.025
4062,Walsenburg,1,-104.75924,37.61852,NA,,12-May,WALS,partly cloudy,0.9,18.8,54,1746,O. harry,26,8,56.9,58.94,6.42,15.69,93.88,70.15,26.93,37,0.0836,,86.37
4063,Walsenburg,1,-104.7593,37.618585,NA,,12-May,WALS,partly cloudy,0.9,18.8,54,1747,O. harry,61,24,62.27,60.42,7.11,15.97,86.96,65.97,52.58,33,0.0945,,92.48
4064,Walsenburg,1,-104.75929,37.618594,NA,,12-May,WALS,partly cloudy,0.9,18.8,54,1748,O. harry,53,12,59.65,55.85,7.7,13.52,80.96,60.29,61.63,36.5,0.0982,minor petal damage,87.575
4065,Walsenburg,0,-104.759313,37.618648,NA,,12-May,WALS,partly cloudy,0.9,18.8,54,1749,O. harry,64,7,52.54,56.47,6.9,14.29,76.18,54.97,28.21,35,0.0795,,80.775
4066,Walsenburg,1,-104.759348,37.618684,NA,,12-May,WALS,partly cloudy,0.9,18.8,54,1750,O. harry,14,1,56.97,59.19,6.82,13.76,72.29,49.39,20.15,35,0.0934,"leaves in bag, slight petal damage",86.565
4067,Walsenburg,0,-104.759391,37.618683,NA,,12-May,WALS,partly cloudy,0.9,18.8,54,1751,O. harry,63,11,64.23,58.45,6.5,13.91,81.3,57.14,30.01,32.5,0.0877,slight petal damage,93.455
4068,Rouse,0,-104.705969,37.5337,1946.678101,2017/05/14 00:42:53+00,13-May,Rouse,clear,1,15.9,32.3,1754,O. harry,29,1,61.75,60.15,5.28,18.58,90,66.54,0,NA,0.0881,petal damage,91.825
4069,Rouse,1,-104.705964,37.533715,1946.728271,2017/05/14 00:43:11+00,13-May,Rouse,clear,1,15.9,32.3,1755,O. harry,55,12,60.17,59.66,6.3,16.75,76.87,55.43,94.62,17,0.1163,,90
4070,Rouse,1,-104.705968,37.533716,1946.793091,2017/05/14 00:43:30+00,13-May,Rouse,clear,1,15.9,32.3,1756,O. harry,57,8,58.46,58.07,7.04,16.04,80.77,68.95,0,NA,0.1006,,87.495
4071,Rouse,1,-104.705982,37.53372,1946.585693,2017/05/14 00:44:17+00,13-May,Rouse,clear,1,15.9,32.3,1757,O. harry,34,20,56.23,56.13,6.61,14.98,82.75,57,62.64,34,0.1024,,84.295
4072,Rouse,1,-104.705983,37.533718,1946.646729,2017/05/14 00:44:35+00,13-May,Rouse,clear,1,15.9,32.3,1758,O. harry,14,11,62.97,63.62,6.83,15.76,65.93,68.42,41.71,32,0.1157,petal damage,94.78
4073,Rouse,0,-104.706012,37.533733,1947.523315,2017/05/14 00:45:41+00,13-May,Rouse,clear,1,15.9,32.3,1759,O. harry,17,7,61.14,62.49,6.66,15.51,67.45,89.98,61.01,30,0.0969,,92.385
4074,Rouse,1,-104.706041,37.533797,1947.529541,2017/05/14 00:47:23+00,13-May,Rouse,clear,1,15.9,32.3,1760,O. harry,42,24,74.56,73.64,9.79,16.82,91.28,70.72,48.6,36.5,0.1816,,111.38
4075,Rouse,1,-104.705992,37.533842,1946.388306,2017/05/14 00:49:14+00,13-May,Rouse,clear,1,15.9,32.3,1761,O. harry,41,22,61.47,53.81,6.43,16.42,82.86,62.68,51.38,29,0.0784,,88.375
4076,Rouse,0,-104.706019,37.533849,1947.308594,2017/05/14 00:49:59+00,13-May,Rouse,clear,1,15.9,32.3,1762,O. harry,21,9,60.01,59.98,7.72,16.18,82.86,63.24,56.19,33.5,0.0989,pink tips of anthers,90
4077,Rouse,1,-104.706106,37.533826,1948.556152,2017/05/14 00:51:06+00,13-May,Rouse,clear,1,15.9,32.3,1763,O. harry,38,17,60.3,59.55,6.18,13.67,73.29,53.92,23.37,35,0.0749,,90.075
4078,Rouse,0,-104.706128,37.533851,1949.014771,2017/05/14 00:52:36+00,13-May,Rouse,clear,1,15.9,32.3,1764,O. harry,37,34,50.56,53.32,5.39,14.32,74.23,60.78,22.8,40.5,0.0639,,77.22
4079,Rouse,1,-104.706292,37.533838,1950.740723,2017/05/14 00:53:41+00,13-May,Rouse,clear,1,15.9,32.3,1765,O. harry,22,32,66.17,65.73,9.12,15.79,91.56,69.18,70.22,34.5,0.1215,,99.035
4080,Rouse,1,-104.706367,37.533932,1950.639893,2017/05/14 00:54:49+00,13-May,Rouse,clear,1,15.9,32.3,1766,O. harry,63,41,68.06,66.75,7.12,16.31,78.94,53.42,37.23,29,0.1002,petal damage,101.435
4081,Rouse,1,-104.706341,37.533939,1951.61853,2017/05/14 00:59:03+00,13-May,Rouse,clear,1,15.9,32.3,1767,O. harry,47,43,66.25,63.88,6.67,17.81,87.54,57.02,71.79,31,0.0821,,98.19
4082,Rouse,1,-104.706343,37.533949,1951.657593,2017/05/14 00:59:18+00,13-May,Rouse,clear,1,15.9,32.3,1768,O. harry,43,16,53.65,54.72,7.78,14.5,72.31,48.74,61.6,34,0.0839,"hole in one petal, pierced by filter",81.01
4083,Rouse,0,-104.706241,37.534158,1946.441528,2017/05/14 01:01:10+00,13-May,Rouse,clear,1,15.9,32.3,1769,O. harry,30,19,57.08,59.99,7.18,16.72,93.86,71.2,31.08,33.5,0.1113,,87.075
4084,Rouse,0,-104.70633,37.534334,1947.487549,2017/05/14 01:02:40+00,13-May,Rouse,clear,1,15.9,32.3,1770,O. harry,21,28,51.83,50.94,6.33,14.22,67.14,50.43,36.35,20,0.0634,,77.3
4085,Rouse,1,-104.706642,37.534569,1947.173462,2017/05/14 01:04:49+00,13-May,Rouse,clear,1,15.9,32.3,1771,O. harry,36,18,57.04,60.59,6.65,13.96,83.56,60.65,43.48,32.5,0.0911,,87.335
4086,Rouse,1,-104.706659,37.534581,1946.580444,2017/05/14 01:06:02+00,13-May,Rouse,clear,1,15.9,32.3,1772,O. harry,11,27,65.49,63.06,8,17.04,78.62,54.72,70.05,32.5,0.1212,a bit of mold,97.02
4087,Rouse,1,-104.706714,37.534602,1946.776245,2017/05/14 01:07:41+00,13-May,Rouse,clear,1,15.9,32.3,1773,O. harry,25,35,53.83,52.5,6.32,13.89,73.67,49.28,0,NA,0.0643,tube was cut,80.08
4088,Rouse,1,-104.706726,37.534631,1947.369019,2017/05/14 01:08:04+00,13-May,Rouse,clear,1,15.9,32.3,1774,O. harry,60,31,61.04,63.74,6.41,16.01,88.71,67.22,54.39,32,0.0881,hole in petal --filter?,92.91
4089,Rouse,0,-104.706653,37.534631,1947.348633,2017/05/14 01:09:09+00,13-May,Rouse,clear,1,15.9,32.3,1775,O. harry,12,6,56.71,58.25,5.9,16.55,82,61.34,43.64,33.5,0.0836,,85.835
4090,Rouse,1,-104.706605,37.534618,1947.103027,2017/05/14 01:10:05+00,13-May,Rouse,clear,1,15.9,32.3,1776,O. harry,46,44,54.93,54.41,6.5,16.66,86.81,63.66,33.15,35,0.081,,82.135
4091,Rouse,0,-104.706406,37.534702,1947.272339,2017/05/14 01:11:41+00,13-May,Rouse,clear,1,15.9,32.3,1777,O. harry,56,2,62.2,63.97,7.14,15.8,88.6,64.89,80.05,33,0.1049,,94.185
4092,Rouse,1,-104.706403,37.534703,1947.235962,2017/05/14 01:11:58+00,13-May,Rouse,clear,1,15.9,32.3,1778,O. harry,62,5,60.31,58.22,7.53,16.89,90.83,68.24,56.47,34,0.0738,,89.42
4093,Rouse,0,-104.706316,37.534629,1947.392334,2017/05/14 01:13:27+00,13-May,Rouse,clear,1,15.9,32.3,1779,O. harry,23,30,54.43,55.86,5.06,14.94,84.37,58.73,24.01,35,0.0664,,82.36
4094,Rouse,0,-104.706303,37.5346,1947.042236,2017/05/14 01:14:30+00,13-May,Rouse,clear,1,15.9,32.3,1780,O. harry,31,45,58.67,58.22,6.54,15.66,85.34,62.82,36.79,31,0.0709,,87.78
4095,Rouse,0,-104.706273,37.534518,1945.96936,2017/05/14 01:16:06+00,13-May,Rouse,clear,1,15.9,32.3,1781,O. harry,13,10,50.92,56.72,6.13,12.82,82.77,62.87,45.99,26.5,0.0854,,79.28
4096,Rouse,0,-104.70629,37.534521,1946.387329,2017/05/14 01:17:11+00,13-May,Rouse,clear,1,15.9,32.3,1782,O. harry,59,14,59.72,59.96,6.05,14.4,79.9,52.5,48.91,34.5,0.0876,petal damage,89.7
4097,Rouse,0,-104.706301,37.534525,1945.531372,2017/05/14 01:18:49+00,13-May,Rouse,clear,1,15.9,32.3,1783,O. harry,32,29,65.17,66.11,7.05,13.77,89.06,65.99,46.71,32,0.1036,"petal damage, no pollen",98.225
4098,Rouse,0,-104.706292,37.534523,1945.569214,2017/05/14 01:19:03+00,13-May,Rouse,clear,1,15.9,32.3,1784,O. harry,35,15,60.31,59.39,6.82,16.15,74.39,50.85,74.92,30,0.0871,,90.005
4099,Rouse,0,NA,NA,NA,,13-May,Rouse,clear,1,15.9,32.3,1785,O. harry,65,4,64.75,62,7.58,15.92,89.14,64.67,51.32,36.5,0.0977,a little mold,95.75
4100,Rouse,1,-104.706206,37.534445,1946.336548,2017/05/14 01:21:01+00,13-May,Rouse,clear,1,15.9,32.3,1786,O. harry,54,26,70.4,64.96,7.2,16.28,103.42,79.36,70.72,30,0.0985,,102.88
4101,Rouse,1,-104.706058,37.534222,1947.584839,2017/05/14 01:27:36+00,13-May,Rouse,clear,1,15.9,32.3,1787,O. harry,28,25,58.84,56.38,7,15.84,88.11,71.04,43.7,40,0.1087,,87.03
4102,Rouse,0,-104.705988,37.533872,1948.602051,2017/05/14 01:32:26+00,13-May,Rouse,clear,1,15.9,32.3,1788,O. harry,58,13,53.4,53.43,6.59,13.66,60.68,55.57,60.81,31,0.0775,stigma didn't open,80.115
4103,Berwind,1,-104.421926,37.222687,1906.488159,2017/05/17 00:20:15+00,16-May,Berlow,cloudy --started raining lightly so we stopped early,2.5,13.3,42,1791,O. harry,42,25,56.4,57.31,6.49,13.23,78.59,66.91,20.18,34,0.107,,85.055
4104,Berwind,0,-104.546588,37.311087,1875.333618,2017/05/17 00:21:26+00,16-May,Berlow,cloudy --started raining lightly so we stopped early,2.5,13.3,42,1792,O. harry,58,26,64.76,63.04,6.86,17.68,98.04,80.15,30.59,32,0.1458,,96.28
4105,Berwind,0,-104.546399,37.310946,1871.89917,2017/05/17 00:22:53+00,16-May,Berlow,cloudy --started raining lightly so we stopped early,2.5,13.3,42,1793,O. harry,25?,13,61.18,61.11,5.35,13.45,86.12,66.44,25.53,35,0.1305,,91.735
4106,Berwind,0,-104.546231,37.310756,1873.549438,2017/05/17 00:24:01+00,16-May,Berlow,cloudy --started raining lightly so we stopped early,2.5,13.3,42,1794,O. harry,41,4,55.33,57.1,6.75,14.43,92.75,74.26,34.67,39,0.1213,,83.88
4107,Berwind,0,-104.546139,37.31068,1873.327148,2017/05/17 00:25:11+00,16-May,Berlow,cloudy --started raining lightly so we stopped early,2.5,13.3,42,1795,O. harry,31,42,56.58,60.1,6.48,14.22,73.74,58.23,17.95,32,0.1035,,86.63
4108,Berwind,1,-104.546105,37.310598,1873.828003,2017/05/17 00:26:25+00,16-May,Berlow,cloudy --started raining lightly so we stopped early,2.5,13.3,42,1796,O. harry,38,29,61.59,64.51,7.61,14.08,87.38,66.17,21.48,34,0.0859,minor damage,93.845
4109,Berwind,1,-104.546095,37.3106,1873.46814,2017/05/17 00:26:44+00,16-May,Berlow,cloudy --started raining lightly so we stopped early,2.5,13.3,42,1797,O. harry,62,10,64.84,65.33,8.43,15.33,83.8,65.88,11.25,37,0.1401,,97.505
4110,Berwind,0,-104.54602,37.310539,1873.585693,2017/05/17 00:27:45+00,16-May,Berlow,cloudy --started raining lightly so we stopped early,2.5,13.3,42,1798,O. harry,18,15,70.98,68.69,7.25,15.56,86.84,61.87,33.82,30.5,0.1466,,105.325
4111,Berwind,0,-104.545966,37.310569,1875.071655,2017/05/17 00:28:37+00,16-May,Berlow,cloudy --started raining lightly so we stopped early,2.5,13.3,42,1799,O. harry,14,20,51.75,52.62,6.22,11.4,71.48,55.27,22.56,31,0.0936,,78.06
4112,Berwind,1,-104.545954,37.310569,1874.115723,2017/05/17 00:29:27+00,16-May,Berlow,cloudy --started raining lightly so we stopped early,2.5,13.3,42,1800,O. harry,43,28,55.34,57.5,6.23,14.77,79.44,61.66,25.39,38,0.0989,,84.09
4113,Berwind,0,-104.545909,37.310401,1873.667969,2017/05/17 00:31:20+00,16-May,Berlow,cloudy --started raining lightly so we stopped early,2.5,13.3,42,1801,O. harry,46,30,57.26,55.98,6.23,13.9,85.74,70.35,33.11,36,0.1163,minor petal damage,85.25
4114,Berwind,NA,-104.545795,37.310345,1874.255249,2017/05/17 00:32:57+00,16-May,Berlow,cloudy --started raining lightly so we stopped early,2.5,13.3,42,1802,O. harry,21,6,52.5,51.83,7.68,14.61,85.04,61.91,18.04,31,0.1154,,78.415
4115,Berwind,NA,-104.545749,37.31027,1874.30249,2017/05/17 00:34:15+00,16-May,Berlow,cloudy --started raining lightly so we stopped early,2.5,13.3,42,1803,O. harry,36,45,56.33,57.01,7.56,13.62,76.97,59.35,24.71,35,0.1207,,84.835
4116,Berwind,NA,-104.545653,37.310237,1872.989746,2017/05/17 00:35:15+00,16-May,Berlow,cloudy --started raining lightly so we stopped early,2.5,13.3,42,1804,O. harry,21,35,56.5,56,6.44,14.36,83.14,59.35,65.45,29,0.1203,"bud in bag, petal damage",84.5
4117,Berwind,0,-104.54565,37.310243,1872.99707,2017/05/17 00:35:26+00,16-May,Berlow,cloudy --started raining lightly so we stopped early,2.5,13.3,42,1805,O. harry,37,2,50.98,52.71,6.77,11.36,65.95,49.18,NA,NA,0.1404,broken--no nectar,77.335
4118,Berwind,0,-104.545612,37.310191,1872.946289,2017/05/17 00:36:15+00,16-May,Berlow,cloudy --started raining lightly so we stopped early,2.5,13.3,42,1806,O. harry,11,27,62.04,67.36,6.96,13.68,84.54,67.44,35.49,37,0.1284,,95.72
4119,Berwind,0,-104.545528,37.310101,1872.457642,2017/05/17 00:39:17+00,16-May,Berlow,cloudy --started raining lightly so we stopped early,2.5,13.3,42,1807,O. harry,54,44,49.05,46.4,5.8,10.7,65.1,49.89,38.45,36,0.093,petal damage,72.25
4120,Berwind,NA,-104.545522,37.310108,1872.461304,2017/05/17 00:39:28+00,16-May,Berlow,cloudy --started raining lightly so we stopped early,2.5,13.3,42,1808,O. harry,22,5,NA,NA,NA,NA,NA,NA,NA,NA,NA,forgot to collect!,NA
4121,Berwind,0,-104.545524,37.310109,1872.468872,2017/05/17 00:39:37+00,16-May,Berlow,cloudy --started raining lightly so we stopped early,2.5,13.3,42,1809,O. harry,55,31,70.87,65.97,6.98,14.64,75.22,54.87,34.9,34,0.1455,pink filament,103.855
4122,Berwind,0,-104.54551,37.310108,1874.907959,2017/05/17 00:41:17+00,16-May,Berlow,cloudy --started raining lightly so we stopped early,2.5,13.3,42,1810,O. harry,35,34,67.12,66.9,6.07,13.87,93.35,65.52,22.52,36,0.1196,,100.57
4123,Berwind,0,-104.545565,37.310046,1875.281982,2017/05/17 00:42:08+00,16-May,Berlow,cloudy --started raining lightly so we stopped early,2.5,13.3,42,1811,O. harry,28,18,66.86,64.29,6.5,14.55,77.9,57.92,47.06,36,0.1064,,99.005
4124,Berwind,0,-104.545541,37.310027,1875.755127,2017/05/17 00:43:41+00,16-May,Berlow,cloudy --started raining lightly so we stopped early,2.5,13.3,42,1812,O. harry,16,16,62.47,61.87,6.95,12.9,74.79,58.71,45.03,36,0.1301,,93.405
4125,Berwind,NA,-104.545459,37.309944,1874.929443,2017/05/17 00:46:15+00,16-May,Berlow,cloudy --started raining lightly so we stopped early,2.5,13.3,42,1813,O. harry,13,19,58.5,57.41,7.08,12.75,83.36,70.07,21.87,38,0.0919,,87.205
4126,Berwind,0,-104.545472,37.309956,1874.921021,2017/05/17 00:46:28+00,16-May,Berlow,cloudy --started raining lightly so we stopped early,2.5,13.3,42,1814,O. harry,9,41,52.07,52.19,6.38,15,68.73,45.46,12.76,33,0.0922,,78.165
4127,Berwind,1,-104.545463,37.309953,1874.92627,2017/05/17 00:46:38+00,16-May,Berlow,cloudy --started raining lightly so we stopped early,2.5,13.3,42,1815,O. harry,51,43,62.54,62.71,6.56,12.88,84.9,64.33,40.92,35,0.1192,,93.895
4128,Berwind,0,-104.545766,37.310032,1878.036865,2017/05/17 00:51:38+00,16-May,Berlow,cloudy --started raining lightly so we stopped early,2.5,13.3,42,1816,O. harry,10,9,58.57,57.68,7.96,12.52,70.62,55.52,27.76,35,0.1024,,87.41
4129,Berwind,0,-104.545801,37.310077,1877.110596,2017/05/17 00:57:44+00,16-May,Berlow,cloudy --started raining lightly so we stopped early,2.5,13.3,42,1817,O. harry,47,32,50.94,53.49,6.3,14.06,81.63,60.72,29.73,37,0.0875,,77.685
4130,Berwind,NA,-104.545878,37.310142,1878.537476,2017/05/17 00:59:51+00,16-May,Berlow,cloudy --started raining lightly so we stopped early,2.5,13.3,42,1818,O. harry,14,24,56.3,57.23,6.23,13,85.05,64.09,32.58,32,0.096,,84.915
4131,Berwind,1,-104.545947,37.310188,1878.03479,2017/05/17 01:00:49+00,16-May,Berlow,cloudy --started raining lightly so we stopped early,2.5,13.3,42,1819,O. harry,56,17,74.9,71.14,8.78,13.49,113.02,87.37,52.56,32,0.1829,,110.47
4132,Berwind,1,-104.545964,37.310204,1878.476318,2017/05/17 01:01:44+00,16-May,Berlow,cloudy --started raining lightly so we stopped early,2.5,13.3,42,1820,O. harry,34,11,60.04,59.4,6.28,16.28,90.47,65.08,67.5,32,0.0995,,89.74
4133,Berwind,1,-104.545949,37.310226,1877.327515,2017/05/17 01:03:26+00,16-May,Berlow,cloudy --started raining lightly so we stopped early,2.5,13.3,42,1821,O. harry,63,22,49.31,56.24,7.12,12.56,74.11,59.02,41.43,37,0.0972,,77.43
4134,Berwind,0,-104.54597,37.310236,1876.109375,2017/05/17 01:06:30+00,16-May,Berlow,cloudy --started raining lightly so we stopped early,2.5,13.3,42,1822,O. harry,23,8,56.16,56.03,6.17,15.17,102.59,80.12,34.41,33.5,0.1223,,84.175
4135,Berwind,0,-104.545961,37.310242,1876.125,2017/05/17 01:06:45+00,16-May,Berlow,cloudy --started raining lightly so we stopped early,2.5,13.3,42,1823,O. harry,12,1,53.03,52.15,5.9,10.45,89.09,68.32,44.41,NA,0.0889,all stamens stuck together didn't record SE,79.105
4136,Berwind,0,-104.54602,37.310306,1876.379639,2017/05/17 01:07:57+00,16-May,Berlow,cloudy --started raining lightly so we stopped early,2.5,13.3,42,1824,O. harry,48,20,51.29,54.45,5.94,12.26,78.3,62.14,32.68,34,0.1112,minor petal damage,78.515
4137,Berwind,1,-104.546193,37.310426,1875.555664,2017/05/17 01:09:18+00,16-May,Berlow,cloudy --started raining lightly so we stopped early,2.5,13.3,42,1825,O. harry,44?,7,54.66,52.72,6.46,14.26,80.53,66.52,53.82,38,0.115,petal damage,81.02
4138,Berwind,1,-104.546187,37.310452,1877.627319,2017/05/17 01:10:03+00,16-May,Berlow,cloudy --started raining lightly so we stopped early,2.5,13.3,42,1826,O. harry,52,12,45.76,49.92,6.42,12.8,82.55,67.69,22.66,34,0.0881,,70.72
4175,HB,1,-104.834169,37.764201,1834.494263,2017/05/19 00:18:21+00,18-May,Huerfeno Butte,partly cloudy,3.2,9.2,66.6,1867,O. harry,43?,14,60.66,62.27,6.7,14.52,92.95,71.2,15.61,29.5,0.1161,,91.795
4176,HB,1,-104.834173,37.764215,1832.965332,2017/05/19 00:18:34+00,18-May,Huerfeno Butte,partly cloudy,3.2,9.2,66.6,1868,O. harry,20,32,54.29,61.87,8.47,14.09,90.61,64.7,20.34,32.5,0.1195,,85.225
4177,HB,1,-104.83417,37.764217,1828.887085,2017/05/19 00:19:18+00,18-May,Huerfeno Butte,partly cloudy,3.2,9.2,66.6,1869,O. harry,13,18,61.68,61.7,7.84,14.5,84.89,62.25,26.57,30.5,0.1082,,92.53
4178,HB,1,NA,NA,NA,,18-May,Huerfeno Butte,partly cloudy,3.2,9.2,66.6,1870,O. harry,62,31,49.77,51.33,6.95,10.78,72.48,58.76,15.28,35.5,0.1045,petal damage,75.435
4179,HB,1,-104.834206,37.76421,1826.383057,2017/05/19 00:21:26+00,18-May,Huerfeno Butte,partly cloudy,3.2,9.2,66.6,1871,O. harry,3,36,57.13,61.04,6.61,11.31,74.87,53.71,16.07,32.5,0.1056,,87.65
4180,HB,1,-104.834184,37.764188,1827.110962,2017/05/19 00:21:54+00,18-May,Huerfeno Butte,partly cloudy,3.2,9.2,66.6,1872,O. harry,48,42,54.9,54.3,6.15,13.15,81.9,60.23,12.75,28,0.0801,,82.05
4181,HB,1,-104.83419,37.764198,1827.117798,2017/05/19 00:22:09+00,18-May,Huerfeno Butte,partly cloudy,3.2,9.2,66.6,1873,O. harry,52,9,56.06,57.02,6.88,13.1,69.91,52.06,6.83,31,0.0887,,84.57
4182,HB,1,-104.834173,37.764182,1827.656616,2017/05/19 00:23:45+00,18-May,Huerfeno Butte,partly cloudy,3.2,9.2,66.6,1874,O. harry,34,4,55.41,56.31,7.32,13.6,82.22,57.6,14.69,31,0.0984,,83.565
4183,HB,0,-104.834214,37.764171,1824.220947,2017/05/19 00:26:15+00,18-May,Huerfeno Butte,partly cloudy,3.2,9.2,66.6,1875,O. harry,54,10,52.85,48.62,5.89,11.97,82.12,62.99,15.18,32,0.0792,,77.16
4184,HB,1,-104.834192,37.764142,1824.80896,2017/05/19 00:30:30+00,18-May,Huerfeno Butte,partly cloudy,3.2,9.2,66.6,1876,O. harry,41,34,62.78,62.63,5.97,13.41,69.58,43.28,3.88,25.5,0.112,,94.095
4185,HB,1,-104.834204,37.764116,1824.508179,2017/05/19 00:31:26+00,18-May,Huerfeno Butte,partly cloudy,3.2,9.2,66.6,1877,O. harry,28,30,53.38,54.05,6.07,13.28,79.2,52.15,NA,NA,0.0898,"tube broken, petal damage",80.405
4186,HB,0,-104.834203,37.764114,1827.807495,2017/05/19 00:32:22+00,18-May,Huerfeno Butte,partly cloudy,3.2,9.2,66.6,1878,O. harry,61,44,59.13,61.1,8.13,12.2,78.59,63.34,15.26,32.5,0.1148,,89.68
4187,HB,1,-104.834195,37.764115,1827.863403,2017/05/19 00:32:33+00,18-May,Huerfeno Butte,partly cloudy,3.2,9.2,66.6,1879,O. harry,63,6,51.88,53.18,5.95,11.31,78.42,59.32,25.21,30,0.1069,,78.47
4188,HB,1,-104.83416,37.76411,1829.402222,2017/05/19 00:33:59+00,18-May,Huerfeno Butte,partly cloudy,3.2,9.2,66.6,1880,O. harry,35,28,58.71,59.05,7.81,13.99,78.1,55.81,18.68,8,0.1185,,88.235
4189,HB,0,-104.834137,37.764131,1829.17749,2017/05/19 00:34:18+00,18-May,Huerfeno Butte,partly cloudy,3.2,9.2,66.6,1881,O. harry,14,29,51.86,50.76,6.59,16.51,79.93,60.89,17.29,34.5,0.0936,,77.24
4190,HB,1,-104.834122,37.76411,1829.739258,2017/05/19 00:37:33+00,18-May,Huerfeno Butte,partly cloudy,3.2,9.2,66.6,1882,O. harry,23,16,59.94,58.14,7.46,12.66,86.41,62.52,21.3,28,0.1108,,89.01
4191,HB,1,-104.834113,37.764112,1829.758179,2017/05/19 00:37:44+00,18-May,Huerfeno Butte,partly cloudy,3.2,9.2,66.6,1883,O. harry,18,15,55.49,53.75,7.03,12.96,69.08,45.56,0,NA,0.0849,,82.365
4192,HB,1,-104.834158,37.764087,1827.68103,2017/05/19 00:39:55+00,18-May,Huerfeno Butte,partly cloudy,3.2,9.2,66.6,1884,O. harry,7,43,53.27,47.13,5.25,11.08,66.69,46.62,11.29,31,0.0846,,76.835
4193,HB,1,-104.83417,37.764077,1827.702881,2017/05/19 00:40:08+00,18-May,Huerfeno Butte,partly cloudy,3.2,9.2,66.6,1885,O. harry,47,5,51.55,52.8,7.5,11.5,81.89,62.06,16.5,34,0.1032,,77.95
4194,HB,1,-104.83418,37.764078,1827.738403,2017/05/19 00:40:20+00,18-May,Huerfeno Butte,partly cloudy,3.2,9.2,66.6,1886,O. harry,56,27,63.19,60.43,8.58,14.08,96.44,72.17,28.26,35,0.1456,,93.405
4195,HB,0,-104.834226,37.764095,1823.717407,2017/05/19 00:41:32+00,18-May,Huerfeno Butte,partly cloudy,3.2,9.2,66.6,1887,O. harry,5,35,53.3,55.36,6.46,15.2,82.51,58.14,33.71,30.5,0.0973,,80.98
4196,HB,1,-104.834281,37.764084,1823.22998,2017/05/19 00:42:04+00,18-May,Huerfeno Butte,partly cloudy,3.2,9.2,66.6,1888,O. harry,31,41,51.78,52.32,7.02,12.58,74.11,73.01,22.44,21,0.0762,,77.94
4197,HB,1,-104.834229,37.763976,1823.987427,2017/05/19 00:44:35+00,18-May,Huerfeno Butte,partly cloudy,3.2,9.2,66.6,1889,O. harry,15,17,52.72,54.74,5.8,13.55,76.54,57.88,17.54,28,0.1146,,80.09
4198,HB,1,-104.834225,37.763949,1824.944092,2017/05/19 00:46:30+00,18-May,Huerfeno Butte,partly cloudy,3.2,9.2,66.6,1890,O. harry,31,1,53.87,52.17,6.06,16.77,84.59,60.13,31.25,32,0.0922,,79.955
4199,HB,NA,-104.834226,37.763945,1824.983643,2017/05/19 00:46:41+00,18-May,Huerfeno Butte,partly cloudy,3.2,9.2,66.6,1891,O. harry,10,13,57.7,56.74,6.27,13.9,74.26,59.16,6.14,33,0.0949,petal damage,86.07
4200,HB,0,-104.834205,37.76395,1824.447998,2017/05/19 00:48:52+00,18-May,Huerfeno Butte,partly cloudy,3.2,9.2,66.6,1892,O. harry,55,24,56.81,52.52,6.18,12.99,81.22,64.87,10.36,34,0.0854,,83.07
4201,HB,1,-104.834186,37.763921,1824.819824,2017/05/19 00:50:04+00,18-May,Huerfeno Butte,partly cloudy,3.2,9.2,66.6,1893,O. harry,8,45,51.82,52.72,7.23,13.45,78.33,58.94,11.14,34.5,0.1011,,78.18
4202,HB,1,-104.834177,37.763901,1824.69165,2017/05/19 00:50:48+00,18-May,Huerfeno Butte,partly cloudy,3.2,9.2,66.6,1894,O. harry,51,19,54.24,54.43,7.32,14.12,80.67,63.28,5.74,30,0.1083,,81.455
4203,HB,NA,-104.834186,37.763934,1823.587646,2017/05/19 00:51:42+00,18-May,Huerfeno Butte,partly cloudy,3.2,9.2,66.6,1895,O. harry,60,26,49.37,51.01,6.94,11.96,67.72,50.62,11.78,33.5,0.1066,petal damage,74.875
4204,HB,NA,-104.834251,37.763924,1821.053223,2017/05/19 00:56:51+00,18-May,Huerfeno Butte,partly cloudy,3.2,9.2,66.6,1896,O. harry,63,2,39.72,59.64,6.97,13.16,81.92,61.7,10.76,33,0.112,,69.54
4205,HB,0,-104.834258,37.763919,1820.848511,2017/05/19 00:57:15+00,18-May,Huerfeno Butte,partly cloudy,3.2,9.2,66.6,1897,O. harry,16,20,59.98,56.74,5.59,14.83,79.17,56.38,13.29,32.5,0.1153,,88.35
4206,HB,NA,-104.834268,37.763939,1821.497314,2017/05/19 00:58:05+00,18-May,Huerfeno Butte,partly cloudy,3.2,9.2,66.6,1898,O. harry,11,8,59.76,59.02,7.25,15.81,70.98,53.4,20.56,33.5,0.1245,,89.27
4207,HB,1,-104.834271,37.763931,1821.560303,2017/05/19 00:58:18+00,18-May,Huerfeno Butte,partly cloudy,3.2,9.2,66.6,1899,O. harry,36,11,51.04,54.79,6.83,15.17,83.98,64.76,14.85,38,0.1048,,78.435
4208,HB,0,-104.83426,37.763923,1821.61792,2017/05/19 00:58:29+00,18-May,Huerfeno Butte,partly cloudy,3.2,9.2,66.6,1900,O. harry,17,25,54.28,55.41,5.96,15.75,80.02,61.72,2.28,NA,0.1125,petal damage,81.985
4209,HB,NA,-104.834245,37.763917,1821.670044,2017/05/19 00:58:42+00,18-May,Huerfeno Butte,partly cloudy,3.2,9.2,66.6,1901,O. harry,42,12,66.18,61.89,7.01,16.42,105.31,84.31,50.63,33,0.1296,minor petal damage,97.125
4210,HB,NA,-104.834257,37.763965,1820.528442,2017/05/19 00:59:59+00,18-May,Huerfeno Butte,partly cloudy,3.2,9.2,66.6,1902,O. harry,57,7,59.03,61.36,7.26,15.2,76.94,57.04,7.65,29,0.1124,petal damage,89.71
4139,Ludlow,0,-104.555857,37.319314,1893.932373,2017/05/18 00:47:01+00,17-May,Berlow,partly cloudy,1.2,14.8,35.5,1829,O. harry,11,41,63.66,65.33,6.1,14.12,85.29,61.03,35.12,34,0.0993,,96.325
4140,Ludlow,1,-104.555844,37.319241,1880.635742,2017/05/18 00:48:07+00,17-May,Berlow,partly cloudy,1.2,14.8,35.5,1830,O. harry,36,2,52.76,50.79,6.54,11.42,75.24,57.61,0,NA,0.0855,,78.155
4141,Ludlow,1,-104.555846,37.31924,1881.537842,2017/05/18 00:48:44+00,17-May,Berlow,partly cloudy,1.2,14.8,35.5,1831,O. harry,21,35,53.35,51.85,7.06,13.65,70,50.87,19.26,34,0.0839,slight petal damage,79.275
4142,Ludlow,1,-104.555834,37.319233,1880.355957,2017/05/18 00:50:19+00,17-May,Berlow,partly cloudy,1.2,14.8,35.5,1832,O. harry,52,45,47.23,47.16,6.16,12.35,80.57,65.64,44.03,36,0.1077,,70.81
4143,Ludlow,0,-104.555842,37.31924,1880.355469,2017/05/18 00:50:31+00,17-May,Berlow,partly cloudy,1.2,14.8,35.5,1833,O. harry,18,6,56.87,58.97,6.44,14.6,73.64,50.39,29.65,35,0.104,,86.355
4144,Ludlow,0,-104.555816,37.319248,1880.331421,2017/05/18 00:50:47+00,17-May,Berlow,partly cloudy,1.2,14.8,35.5,1834,O. harry,14,27,58.85,55.53,5.98,13.47,84.31,62.93,2.18,NA,0.081,petal damage,86.615
4145,Ludlow,1,-104.555819,37.319218,1880.63916,2017/05/18 00:52:03+00,17-May,Berlow,partly cloudy,1.2,14.8,35.5,1835,O. harry,12,44,62.12,65.8,7.62,15.45,91.17,72.88,38.8,39,0.1222,,95.02
4146,Ludlow,0,-104.555815,37.319217,1880.615601,2017/05/18 00:52:15+00,17-May,Berlow,partly cloudy,1.2,14.8,35.5,1836,O. harry,48,5,54.54,53.86,7.15,16.57,70.77,50.46,33.11,36,0.0839,,81.47
4147,Ludlow,1,-104.555765,37.319225,1878.732422,2017/05/18 00:53:22+00,17-May,Berlow,partly cloudy,1.2,14.8,35.5,1837,O. harry,62,30,56.82,56.67,6.49,15.09,86.97,66.62,17.37,32,0.079,,85.155
4148,Ludlow,1,-104.555778,37.319219,1878.72583,2017/05/18 00:53:35+00,17-May,Berlow,partly cloudy,1.2,14.8,35.5,1838,O. harry,47,43,52.67,51.95,6.12,13.62,72.05,56.34,19.36,33,0.0821,,78.645
4149,Ludlow,1,-104.555778,37.319217,1878.722778,2017/05/18 00:53:46+00,17-May,Berlow,partly cloudy,1.2,14.8,35.5,1839,O. harry,35,34,60.16,64.21,6.26,14.55,81.54,59.77,24.21,34.5,0.0853,,92.265
4150,Ludlow,0,-104.555759,37.319184,1878.05603,2017/05/18 00:55:53+00,17-May,Berlow,partly cloudy,1.2,14.8,35.5,1840,O. harry,44?,28,56.13,57.82,6.02,16.41,81.32,61.23,26.3,37,0.1058,,85.04
4151,Ludlow,0,-104.555739,37.319164,1877.815308,2017/05/18 00:58:53+00,17-May,Berlow,partly cloudy,1.2,14.8,35.5,1841,O. harry,23,14,53.61,52.66,6.66,13.6,83.27,66.3,27.52,34,0.0854,,79.94
4152,Ludlow,0,-104.555711,37.319156,1878.029907,2017/05/18 01:03:17+00,17-May,Berlow,partly cloudy,1.2,14.8,35.5,1842,O. harry,34,16,48.51,50.9,6.77,13.01,74.13,56.88,18.6,35,0.0839,,73.96
4153,Ludlow,0,-104.555718,37.319144,1878.030029,2017/05/18 01:03:30+00,17-May,Berlow,partly cloudy,1.2,14.8,35.5,1843,O. harry,7,10,61.26,60.91,6.52,13.98,77.96,60.43,34.53,34.5,0.0925,slight petal damage,91.715
4154,Ludlow,0,-104.555711,37.319134,1878.032349,2017/05/18 01:03:41+00,17-May,Berlow,partly cloudy,1.2,14.8,35.5,1844,O. harry,8,15,60.27,63.15,7.13,15.16,77.85,60,27.02,34,0.1011,,91.845
4155,Ludlow,0,-104.555695,37.319139,1878.0354,2017/05/18 01:03:55+00,17-May,Berlow,partly cloudy,1.2,14.8,35.5,1845,O. harry,41,36,60.8,62.21,7.17,17.3,90.46,67.24,34.48,35,0.112,,91.905
4156,Ludlow,0,-104.555695,37.319146,1878.035889,2017/05/18 01:04:06+00,17-May,Berlow,partly cloudy,1.2,14.8,35.5,1846,O. harry,63,29,54.13,54.66,7.41,13.2,83.82,64.37,26.95,32,0.0881,,81.46
4157,Ludlow,1,-104.555687,37.319158,1878.864746,2017/05/18 01:04:25+00,17-May,Berlow,partly cloudy,1.2,14.8,35.5,1847,O. harry,28,31,61.56,61.53,8.63,15.76,87.42,65.72,87.42,30.5,0.1273,,92.325
4158,Ludlow,0,-104.555679,37.319172,1878.484131,2017/05/18 01:05:11+00,17-May,Berlow,partly cloudy,1.2,14.8,35.5,1848,O. harry,51,19,54.87,57.44,7.07,15.91,81.69,57.43,36.43,35,0.1067,,83.59
4159,Ludlow,0,-104.555247,37.318702,1877.480225,2017/05/18 01:08:08+00,17-May,Berlow,partly cloudy,1.2,14.8,35.5,1849,O. harry,43,18,65.67,64.51,8.17,15.53,83.22,59.98,33.46,35.5,0.1107,petal damage,97.925
4160,Ludlow,1,-104.555115,37.318603,1876.442627,2017/05/18 01:09:31+00,17-May,Berlow,partly cloudy,1.2,14.8,35.5,1850,O. harry,61,9,64.55,67.56,7.44,15.78,86.1,62.37,44.08,35,0.1234,dry when weighed but evidence of mold,98.33
4161,Ludlow,0,-104.555105,37.318609,1876.257324,2017/05/18 01:09:52+00,17-May,Berlow,partly cloudy,1.2,14.8,35.5,1851,O. harry,31,32,64.37,60.14,6.28,14.13,83.14,63.42,39.28,34.5,0.0955,,94.44
4162,Ludlow,0,-104.555109,37.31861,1876.261719,2017/05/18 01:10:07+00,17-May,Berlow,partly cloudy,1.2,14.8,35.5,1852,O. harry,15,42,62.77,62.68,7.04,16.44,84.2,58.91,68.09,33,0.0922,dry but evidence of mold,94.11
4163,Ludlow,0,-104.545937,37.310252,1877.972168,2017/05/18 01:28:33+00,17-May,Berlow,partly cloudy,1.2,14.8,35.5,1853,O. harry,54,13,50.64,49.66,6.56,11.95,66.13,50.26,30.65,33,0.0743,,75.47
4164,Ludlow,1,NA,NA,NA,,17-May,Berlow,partly cloudy,1.2,14.8,35.5,1854,O. harry,10,24,46.23,49.08,6.94,11.66,55.6,60.72,30.11,35,0.0848,petal damage,70.77
4165,Ludlow,0,-104.545909,37.310192,1878.500366,2017/05/18 01:30:49+00,17-May,Berlow,partly cloudy,1.2,14.8,35.5,1855,O. harry,55,17,53.25,54.06,6.86,12.91,70.83,53.5,16.94,34.5,0.0963,,80.28
4166,Ludlow,0,-104.545796,37.310062,1878.559692,2017/05/18 01:31:56+00,17-May,Berlow,partly cloudy,1.2,14.8,35.5,1856,O. harry,3,1,47.67,47.85,5.54,13.71,67.21,53.01,20.17,30,0.0638,,71.595
4167,Ludlow,0,-104.54561,37.310067,1877.519775,2017/05/18 01:33:04+00,17-May,Berlow,partly cloudy,1.2,14.8,35.5,1857,O. harry,31,8,55.37,56.88,7.14,13.64,81.54,65.36,36.36,35,0.1033,,83.81
4168,Ludlow,0,-104.545562,37.310016,1878.4552,2017/05/18 01:34:09+00,17-May,Berlow,partly cloudy,1.2,14.8,35.5,1858,O. harry,16,11,47.78,49.93,6.96,13.52,63.01,44.54,27.11,32.5,0.0923,,72.745
4169,Ludlow,1,-104.545508,37.310013,1877.48584,2017/05/18 01:34:48+00,17-May,Berlow,partly cloudy,1.2,14.8,35.5,1859,O. harry,58,22,65.57,65.64,6.74,18.47,88.31,61.86,23.14,37.5,0.1339,,98.39
4170,Ludlow,0,-104.545466,37.309965,1878.043823,2017/05/18 01:36:03+00,17-May,Berlow,partly cloudy,1.2,14.8,35.5,1860,O. harry,31,12,60.57,58.9,7.22,16.55,83.18,62.93,23.36,35,0.1079,,90.02
4171,Ludlow,0,-104.545472,37.309946,1878.04187,2017/05/18 01:36:16+00,17-May,Berlow,partly cloudy,1.2,14.8,35.5,1861,O. harry,4,26,52,53.63,7.76,10.49,74.09,56.18,17.1,36,0.129,,78.815
4172,Ludlow,0,-104.545449,37.309925,1877.066895,2017/05/18 01:38:09+00,17-May,Berlow,partly cloudy,1.2,14.8,35.5,1862,O. harry,59,25,59.2,58.65,7.05,13.57,89.31,67.62,23.97,37,0.1004,,88.525
4173,Ludlow,1,-104.545374,37.309907,1876.603149,2017/05/18 01:38:55+00,17-May,Berlow,partly cloudy,1.2,14.8,35.5,1863,O. harry,38,7,52.07,56.62,8.05,13.22,84.76,68.93,25.62,36.5,0.091,dry but moldy,80.38
4174,Ludlow,1,-104.545251,37.309789,1876.586304,2017/05/18 01:39:49+00,17-May,Berlow,partly cloudy,1.2,14.8,35.5,1864,O. harry,46,20,50.7,52.6,6.36,13.34,87.62,66.7,31.33,38,0.1035,,77