cross_id,indiv_id,date_plate,plate_number,date_germ1,germ1week,date_nicked,embryo_extracted,date_germ,date_plant
G75,1,1/3/20,A,1/11/20,N,1/11/20,Y,1/13/20,1/16/20
G75,2,1/3/20,A,1/11/20,N,1/11/20,Y,1/13/20,
G75,3,1/3/20,A,1/11/20,N,1/11/20,Y,1/13/20,
G75,4,1/3/20,A,1/11/20,N,1/11/20,Y,,
G75,5,1/3/20,A,1/11/20,N,1/11/20,Y,1/13/20,1/16/20
G75,6,1/3/20,A,1/11/20,N,1/11/20,Y,1/13/20,
G75,7,1/3/20,A,1/11/20,N,1/11/20,Y,,
G75,8,1/3/20,A,1/11/20,N,1/11/20,Y,1/13/20,1/16/20
G75,9,1/3/20,A,1/11/20,N,1/11/20,Y,1/13/20,1/16/20
G75,10,1/3/20,A,1/11/20,N,1/11/20,Y,1/13/20,
G75,11,1/3/20,A,1/11/20,N,1/11/20,Y,1/13/20,
G75,12,1/3/20,A,1/11/20,N,1/11/20,Y,1/13/20,1/16/20
G75,13,1/3/20,A,1/11/20,N,1/11/20,Y,1/13/20,
G75,14,1/3/20,A,1/11/20,N,1/11/20,Y,1/13/20,1/16/20
G75,15,1/3/20,A,1/11/20,N,1/11/20,Y,1/13/20,
G75,16,1/3/20,B,1/11/20,N,1/11/20,Y,1/13/20,1/16/20
G75,17,1/3/20,B,1/11/20,N,1/11/20,Y,,1/16/20
G75,18,1/3/20,B,1/11/20,N,1/11/20,Y,1/13/20,1/16/20
G75,19,1/3/20,B,1/11/20,N,1/11/20,Y,1/13/20,1/16/20
G75,20,1/3/20,B,1/11/20,N,1/11/20,Y,1/13/20,1/16/20
G75,21,1/3/20,B,1/11/20,N,1/11/20,Y,1/13/20,
G75,22,1/3/20,B,1/11/20,N,1/11/20,Y,1/13/20,1/16/20
G75,23,1/3/20,B,1/11/20,N,1/11/20,Y,1/13/20,1/16/20
G75,24,1/3/20,B,1/11/20,N,1/11/20,Y,1/13/20,1/16/20
G75,25,1/3/20,B,1/11/20,N,1/11/20,Y,1/13/20,
G75,26,1/3/20,B,1/11/20,N,1/11/20,Y,1/13/20,1/16/20
G75,27,1/3/20,B,1/11/20,N,1/11/20,Y,1/13/20,1/16/20
G75,28,1/3/20,B,1/11/20,N,1/11/20,Y,1/13/20,1/16/20
G75,29,1/3/20,B,1/11/20,N,1/11/20,Y,,
G75,30,1/3/20,B,1/11/20,N,1/11/20,Y,1/13/20,1/16/20
G74,1,1/3/20,A,1/11/20,N,1/11/20,Y,1/13/20,1/16/20
G74,2,1/3/20,A,1/11/20,N,1/11/20,Y,1/13/20,1/16/20
G74,3,1/3/20,A,1/11/20,N,1/11/20,Y,1/13/20,1/16/20
G74,4,1/3/20,A,1/11/20,N,1/11/20,Y,1/13/20,
G74,5,1/3/20,A,1/11/20,N,1/11/20,Y,1/13/20,1/16/20
G74,6,1/3/20,A,1/11/20,N,1/11/20,Y,1/13/20,1/16/20
G74,7,1/3/20,A,1/11/20,N,1/11/20,Y,1/13/20,1/16/20
G74,8,1/3/20,A,1/11/20,N,1/11/20,Y,mold,
G74,9,1/3/20,A,1/11/20,N,1/11/20,Y,1/13/20,
G74,10,1/3/20,A,1/11/20,N,1/11/20,Y,1/13/20,1/16/20
G74,11,1/3/20,A,1/11/20,N,1/11/20,Y,1/13/20,1/16/20
G74,12,1/3/20,A,1/11/20,N,1/11/20,Y,1/13/20,1/16/20
G74,13,1/3/20,A,1/11/20,N,1/11/20,Y,1/13/20,
G74,14,1/3/20,A,1/11/20,N,1/11/20,Y,1/13/20,1/16/20
G74,15,1/3/20,A,1/11/20,N,1/11/20,Y,1/13/20,
G74,16,1/3/20,B,1/11/20,N,1/11/20,Y,1/13/20,1/16/20
G74,17,1/3/20,B,1/11/20,N,1/11/20,Y,1/13/20,1/16/20
G74,18,1/3/20,B,1/11/20,N,1/11/20,Y,1/13/20,
G74,19,1/3/20,B,1/11/20,Y,NA,N,1/11/20,1/16/20
G74,20,1/3/20,B,1/11/20,N,1/11/20,Y,1/13/20,
G74,21,1/3/20,B,1/11/20,Y,NA,N,1/11/20,1/16/20
G74,22,1/3/20,B,1/11/20,N,1/11/20,Y,1/13/20,
G74,23,1/3/20,B,1/11/20,N,1/11/20,Y,1/13/20,
G74,24,1/3/20,B,1/11/20,N,1/11/20,Y,1/13/20,1/16/20
G74,25,1/3/20,B,1/11/20,N,1/11/20,Y,1/13/20,1/16/20
G74,26,1/3/20,B,1/11/20,N,1/11/20,Y,1/13/20,1/16/20
G74,27,1/3/20,B,1/11/20,N,1/11/20,Y,1/13/20,
G74,28,1/3/20,B,1/11/20,N,1/11/20,Y,1/13/20,1/16/20
G74,29,1/3/20,B,1/11/20,N,1/11/20,Y,1/13/20,1/16/20
G74,30,1/3/20,B,1/11/20,N,1/11/20,Y,1/13/20,1/16/20
G73,1,1/3/20,A,1/11/20,N,1/11/20,Y,1/13/20,1/16/20
G73,2,1/3/20,A,1/11/20,N,1/11/20,Y,1/13/20,1/16/20
G73,3,1/3/20,A,1/11/20,N,1/11/20,Y,1/13/20,1/16/20
G73,4,1/3/20,A,1/11/20,N,1/11/20,Y,1/13/20,1/16/20
G73,5,1/3/20,A,1/11/20,N,1/11/20,Y,1/13/20,1/16/20
G73,6,1/3/20,A,1/11/20,N,1/11/20,Y,1/13/20,1/16/20
G73,7,1/3/20,A,1/11/20,N,1/11/20,Y,1/13/20,1/16/20
G73,8,1/3/20,A,1/11/20,N,1/11/20,Y,1/13/20,1/16/20
G73,9,1/3/20,A,1/11/20,N,1/11/20,Y,1/13/20,1/16/20
G73,10,1/3/20,A,1/11/20,N,1/11/20,Y,1/13/20,1/16/20
G73,11,1/3/20,A,1/11/20,N,1/11/20,Y,1/13/20,1/16/20
G73,12,1/3/20,A,1/11/20,N,1/11/20,Y,1/13/20,1/16/20
G73,13,1/3/20,A,1/11/20,N,1/11/20,Y,1/13/20,
G73,14,1/3/20,A,1/11/20,N,1/11/20,Y,1/13/20,
G73,15,1/3/20,A,1/11/20,N,1/11/20,Y,1/13/20,
G73,16,1/3/20,B,1/11/20,N,1/11/20,Y,1/13/20,1/16/20
G73,17,1/3/20,B,1/11/20,N,1/11/20,Y,1/13/20,1/16/20
G73,18,1/3/20,B,1/11/20,N,1/11/20,Y,1/13/20,1/16/20
G73,19,1/3/20,B,1/11/20,N,1/11/20,Y,1/13/20,1/16/20
G73,20,1/3/20,B,1/11/20,N,1/11/20,Y,1/13/20,1/16/20
G73,21,1/3/20,B,1/11/20,N,1/11/20,Y,1/13/20,1/16/20
G73,22,1/3/20,B,1/11/20,N,1/11/20,Y,1/13/20,1/16/20
G73,23,1/3/20,B,1/11/20,N,1/11/20,Y,1/13/20,1/16/20
G73,24,1/3/20,B,1/11/20,N,1/11/20,Y,1/13/20,
G73,25,1/3/20,B,1/11/20,N,1/11/20,Y,1/13/20,
G73,26,1/3/20,B,1/11/20,N,1/11/20,Y,1/13/20,1/21/20
G73,27,1/3/20,B,1/11/20,N,1/11/20,Y,1/13/20,1/21/20
G73,28,1/3/20,B,1/11/20,N,1/11/20,Y,1/13/20,1/21/20
G73,29,1/3/20,B,1/11/20,N,1/11/20,Y,1/13/20,1/16/20
G73,30,1/3/20,B,1/11/20,N,1/11/20,Y,1/13/20,1/16/20
G71,1,1/3/20,A,1/11/20,N,1/11/20,Y,1/13/20,1/16/20
G71,2,1/3/20,A,1/11/20,N,1/11/20,Y,,
G71,3,1/3/20,A,1/11/20,N,1/11/20,Y,,
G71,4,1/3/20,A,1/11/20,N,1/11/20,Y,,
G71,5,1/3/20,A,1/11/20,N,1/11/20,Y,1/13/20,1/16/20
G71,6,1/3/20,A,1/11/20,N,1/11/20,Y,,
G71,7,1/3/20,A,1/11/20,N,1/11/20,Y,,
G71,8,1/3/20,A,1/11/20,N,1/11/20,Y,1/13/20,1/21/20
G71,9,1/3/20,A,1/11/20,N,1/11/20,Y,1/13/20,1/16/20
G71,10,1/3/20,A,1/11/20,N,1/11/20,Y,1/13/20,1/16/20
G71,11,1/3/20,A,1/11/20,N,1/11/20,Y,,
G71,12,1/3/20,A,1/11/20,N,1/11/20,Y,1/13/20,1/16/20
G71,13,1/3/20,A,1/11/20,N,1/11/20,Y,1/21/20,1/21/20
G71,14,1/3/20,A,1/11/20,N,1/11/20,Y,1/13/20,1/16/20
G71,15,1/3/20,A,1/11/20,N,1/11/20,Y,,
G71,16,1/3/20,B,1/11/20,N,1/11/20,Y,1/13/20,1/16/20
G71,17,1/3/20,B,1/11/20,N,1/11/20,Y,1/13/20,1/16/20
G71,18,1/3/20,B,1/11/20,N,1/11/20,Y,1/13/20,1/21/20
G71,19,1/3/20,B,1/11/20,N,1/11/20,Y,1/13/20,1/21/20
G71,20,1/3/20,B,1/11/20,N,1/11/20,Y,1/13/20,
G71,21,1/3/20,B,1/11/20,N,1/11/20,Y,1/13/20,
G71,22,1/3/20,B,1/11/20,N,1/11/20,Y,1/13/20,1/16/20
G71,23,1/3/20,B,1/11/20,N,1/11/20,Y,1/13/20,1/21/20
G71,24,1/3/20,B,1/11/20,N,1/11/20,Y,1/13/20,1/16/20
G71,25,1/3/20,B,1/11/20,N,1/11/20,Y,1/13/20,1/16/20
G71,26,1/3/20,B,1/11/20,N,1/11/20,Y,1/13/20,1/16/20
G71,27,1/3/20,B,1/11/20,N,1/11/20,Y,1/13/20,1/16/20
G71,28,1/3/20,B,1/11/20,N,1/11/20,Y,1/13/20,1/16/20
G71,29,1/3/20,B,1/11/20,N,1/11/20,Y,1/13/20,1/16/20
G71,30,1/3/20,B,1/11/20,N,1/11/20,Y,1/13/20,1/16/20
G70,1,1/3/20,A,1/11/20,Y,NA,N,1/11/20,1/11/20
G70,2,1/3/20,A,1/11/20,N,NA,N,1/16/20,
G70,3,1/3/20,A,1/11/20,N,NA,N,,
G70,4,1/3/20,A,1/11/20,Y,NA,N,1/11/20,1/11/20
G70,5,1/3/20,A,1/11/20,N,NA,N,1/13/20,1/13/20
G70,6,1/3/20,A,1/11/20,N,NA,N,,
G70,7,1/3/20,A,1/11/20,N,NA,N,,
G70,8,1/3/20,A,1/11/20,Y,NA,N,1/11/20,1/13/20
G70,9,1/3/20,A,1/11/20,N,NA,N,,
G70,10,1/3/20,A,1/11/20,Y,NA,N,1/11/20,1/11/20
G70,11,1/3/20,A,1/11/20,N,NA,N,,
G70,12,1/3/20,A,1/11/20,N,NA,N,,
G70,13,1/3/20,A,1/11/20,N,NA,N,1/13/20,1/13/20
G70,14,1/3/20,A,1/11/20,N,NA,N,1/13/20,1/13/20
G70,15,1/3/20,A,1/11/20,Y,NA,N,1/11/20,1/13/20
G70,16,1/3/20,B,1/11/20,N,1/11/20,Y,1/13/20,1/13/20
G70,17,1/3/20,B,1/11/20,N,1/11/20,Y,1/13/20,1/13/20
G70,18,1/3/20,B,1/11/20,Y,NA,N,1/11/20,1/13/20
G70,19,1/3/20,B,1/11/20,N,1/11/20,Y,1/13/20,1/13/20
G70,20,1/3/20,B,1/11/20,N,1/11/20,Y,1/13/20,1/13/20
G70,21,1/3/20,B,1/11/20,N,1/11/20,Y,1/13/20,1/13/20
G70,22,1/3/20,B,1/11/20,N,1/11/20,Y,1/13/20,1/13/20
G70,23,1/3/20,B,1/11/20,N,1/11/20,Y,1/13/20,1/13/20
G70,24,1/3/20,B,1/11/20,N,1/11/20,Y,1/13/20,1/13/20
G70,25,1/3/20,B,1/11/20,N,1/11/20,Y,1/13/20,1/13/20
G70,26,1/3/20,B,1/11/20,Y,NA,N,1/11/20,1/13/20
G70,27,1/3/20,B,1/11/20,N,1/11/20,Y,1/13/20,1/13/20
G70,28,1/3/20,B,1/11/20,N,1/11/20,Y,1/13/20,1/13/20
G70,29,1/3/20,B,1/11/20,N,1/11/20,Y,1/13/20,1/13/20
G70,30,1/3/20,B,1/11/20,N,1/11/20,Y,1/13/20,1/13/20
G69,1,1/3/20,A,1/11/20,N,1/11/20,Y,1/13/20,1/13/20
G69,2,1/3/20,A,1/11/20,N,1/11/20,Y,1/13/20,1/13/20
G69,3,1/3/20,A,1/11/20,N,1/11/20,Y,1/13/20,1/13/20
G69,4,1/3/20,A,1/11/20,N,1/11/20,Y,1/13/20,1/13/20
G69,5,1/3/20,A,1/11/20,N,1/11/20,Y,1/13/20,1/13/20
G69,6,1/3/20,A,1/11/20,Y,NA,N,1/11/20,1/13/20
G69,7,1/3/20,A,1/11/20,N,1/11/20,Y,1/13/20,1/13/20
G69,8,1/3/20,A,1/11/20,N,1/11/20,Y,1/13/20,1/13/20
G69,9,1/3/20,A,1/11/20,N,1/11/20,Y,1/13/20,1/13/20
G69,10,1/3/20,A,1/11/20,N,1/11/20,Y,1/13/20,1/13/20
G69,11,1/3/20,A,1/11/20,N,1/11/20,Y,1/13/20,1/13/20
G69,12,1/3/20,A,1/11/20,N,1/11/20,Y,1/13/20,1/13/20
G69,13,1/3/20,A,1/11/20,Y,NA,N,1/11/20,1/13/20
G69,14,1/3/20,A,1/11/20,N,1/11/20,Y,1/13/20,1/13/20
G69,15,1/3/20,A,1/11/20,N,1/11/20,Y,1/13/20,1/13/20
G69,16,1/3/20,B,1/11/20,Y,NA,N,1/11/20,1/11/20
G69,17,1/3/20,B,1/11/20,N,1/11/20,Y,1/16/20,1/16/20
G69,18,1/3/20,B,1/11/20,N,1/11/20,Y,1/13/20,1/16/20
G69,19,1/3/20,B,1/11/20,N,1/11/20,Y,1/16/20,1/16/20
G69,20,1/3/20,B,1/11/20,N,1/11/20,Y,1/13/20,1/16/20
G69,21,1/3/20,B,1/11/20,Y,NA,N,1/11/20,1/16/20
G69,22,1/3/20,B,1/11/20,Y,NA,N,1/11/20,1/11/20
G69,23,1/3/20,B,1/11/20,N,1/11/20,Y,1/16/20,1/16/20
G69,24,1/3/20,B,1/11/20,N,1/11/20,Y,1/13/20,1/16/20
G69,25,1/3/20,B,1/11/20,Y,NA,N,1/11/20,1/16/20
G69,26,1/3/20,B,1/11/20,N,1/11/20,Y,1/16/20,1/16/20
G69,27,1/3/20,B,1/11/20,N,1/11/20,Y,1/16/20,1/16/20
G69,28,1/3/20,B,1/11/20,N,1/11/20,Y,,
G69,29,1/3/20,B,1/11/20,Y,NA,N,1/11/20,1/16/20
G69,30,1/3/20,B,1/11/20,Y,NA,N,1/11/20,1/16/20
G68,1,1/3/20,A,1/11/20,N,1/11/20,Y,1/13/20,1/16/20
G68,2,1/3/20,A,1/11/20,N,1/11/20,Y,1/13/20,
G68,3,1/3/20,A,1/11/20,N,1/11/20,Y,1/16/20,1/16/20
G68,4,1/3/20,A,1/11/20,N,1/11/20,Y,1/13/20,1/16/20
G68,5,1/3/20,A,1/11/20,N,1/11/20,Y,1/13/20,1/16/20
G68,6,1/3/20,A,1/11/20,N,1/11/20,Y,1/13/20,1/16/20
G68,7,1/3/20,A,1/11/20,N,1/11/20,Y,1/13/20,1/16/20
G68,8,1/3/20,A,1/11/20,N,1/11/20,Y,1/13/20,1/16/20
G68,9,1/3/20,A,1/11/20,N,1/11/20,Y,1/13/20,1/16/20
G68,10,1/3/20,A,1/11/20,N,1/11/20,Y,1/13/20,1/16/20
G68,11,1/3/20,A,1/11/20,N,1/11/20,Y,1/13/20,1/16/20
G68,12,1/3/20,A,1/11/20,N,1/11/20,Y,1/13/20,1/16/20
G68,13,1/3/20,A,1/11/20,N,1/11/20,Y,,1/16/20
G68,14,1/3/20,A,1/11/20,N,1/11/20,Y,1/13/20,1/16/20
G68,15,1/3/20,A,1/11/20,N,1/11/20,Y,1/13/20,1/16/20
G68,16,1/3/20,B,1/11/20,N,1/11/20,Y,1/13/20,1/16/20
G68,17,1/3/20,B,1/11/20,N,1/11/20,Y,1/13/20,1/16/20
G68,18,1/3/20,B,1/11/20,N,1/11/20,Y,1/13/20,1/16/20
G68,19,1/3/20,B,1/11/20,N,1/11/20,Y,1/13/20,
G68,20,1/3/20,B,1/11/20,N,1/11/20,Y,1/13/20,1/16/20
G68,21,1/3/20,B,1/11/20,N,1/11/20,Y,1/13/20,1/16/20
G68,22,1/3/20,B,1/11/20,N,1/11/20,Y,1/13/20,1/16/20
G68,23,1/3/20,B,1/11/20,N,1/11/20,Y,1/13/20,1/16/20
G68,24,1/3/20,B,1/11/20,N,1/11/20,Y,1/13/20,1/16/20
G68,25,1/3/20,B,1/11/20,N,1/11/20,Y,1/13/20,1/16/20
G68,26,1/3/20,B,1/11/20,N,1/11/20,Y,1/13/20,1/16/20
G68,27,1/3/20,B,1/11/20,N,1/11/20,Y,1/13/20,1/16/20
G68,28,1/3/20,B,1/11/20,N,1/11/20,Y,1/13/20,1/16/20
G68,29,1/3/20,B,1/11/20,N,1/11/20,Y,1/13/20,
G68,30,1/3/20,B,1/11/20,N,1/11/20,Y,1/13/20,
G67,1,1/3/20,A,1/11/20,N,1/11/20,Y,1/13/20,1/16/20
G67,2,1/3/20,A,1/11/20,N,1/11/20,Y,1/13/20,1/16/20
G67,3,1/3/20,A,1/11/20,N,1/11/20,Y,1/13/20,1/16/20
G67,4,1/3/20,A,1/11/20,N,1/11/20,Y,1/13/20,1/16/20
G67,5,1/3/20,A,1/11/20,N,1/11/20,Y,1/13/20,1/16/20
G67,6,1/3/20,A,1/11/20,N,1/11/20,Y,1/13/20,1/16/20
G67,7,1/3/20,A,1/11/20,N,1/11/20,Y,1/13/20,1/16/20
G67,8,1/3/20,A,1/11/20,N,1/11/20,Y,1/13/20,1/16/20
G67,9,1/3/20,A,1/11/20,N,1/11/20,Y,1/13/20,1/16/20
G67,10,1/3/20,A,1/11/20,N,1/11/20,Y,1/13/20,1/16/20
G67,11,1/3/20,A,1/11/20,N,mold,NA,,
G67,12,1/3/20,A,1/11/20,N,1/11/20,Y,1/13/20,1/16/20
G67,13,1/3/20,A,1/11/20,N,1/11/20,Y,1/13/20,1/16/20
G67,14,1/3/20,A,1/11/20,N,1/11/20,Y,1/13/20,
G67,15,1/3/20,A,1/11/20,N,1/11/20,Y,1/13/20,
G67,16,1/3/20,B,1/11/20,N,1/11/20,Y,1/13/20,1/16/20
G67,17,1/3/20,B,1/11/20,N,1/11/20,Y,1/13/20,1/16/20
G67,18,1/3/20,B,1/11/20,N,1/11/20,Y,1/13/20,1/16/20
G67,19,1/3/20,B,1/11/20,N,1/11/20,Y,1/13/20,1/16/20
G67,20,1/3/20,B,1/11/20,N,1/11/20,Y,1/13/20,
G67,21,1/3/20,B,1/11/20,N,1/11/20,Y,1/13/20,
G67,22,1/3/20,B,1/11/20,N,1/11/20,Y,1/13/20,
G67,23,1/3/20,B,1/11/20,N,1/11/20,Y,1/13/20,
G67,24,1/3/20,B,1/11/20,N,1/11/20,Y,1/13/20,
G67,25,1/3/20,B,1/11/20,N,mold,NA,,
G67,26,1/3/20,B,1/11/20,N,1/11/20,Y,1/13/20,1/16/20
G67,27,1/3/20,B,1/11/20,N,1/11/20,Y,1/13/20,1/16/20
G67,28,1/3/20,B,1/11/20,N,mold,NA,,
G67,29,1/3/20,B,1/11/20,N,1/11/20,Y,1/13/20,
G67,30,1/3/20,B,1/11/20,N,mold,NA,,
G65,1,1/3/20,A,1/11/20,N,1/11/20,Y,,
G65,2,1/3/20,A,1/11/20,N,1/11/20,Y,1/13/20,1/16/20
G65,3,1/3/20,A,1/11/20,N,mold,NA,,
G65,4,1/3/20,A,1/11/20,N,1/11/20,Y,1/13/20,1/16/20
G65,5,1/3/20,A,1/11/20,N,1/11/20,Y,1/13/20,
G65,6,1/3/20,A,1/11/20,N,1/11/20,Y,1/13/20,1/16/20
G65,7,1/3/20,A,1/11/20,N,1/11/20,Y,,
G65,8,1/3/20,A,1/11/20,N,1/11/20,Y,1/13/20,
G65,9,1/3/20,A,1/11/20,N,1/11/20,Y,,
G65,10,1/3/20,A,1/11/20,N,1/11/20,Y,,
G65,11,1/3/20,A,1/11/20,N,1/11/20,Y,,
G65,12,1/3/20,A,1/11/20,N,1/11/20,Y,,
G65,13,1/3/20,A,1/11/20,N,1/11/20,Y,1/13/20,
G65,14,1/3/20,A,1/11/20,N,1/11/20,Y,1/13/20,1/16/20
G65,15,1/3/20,A,1/11/20,N,1/11/20,Y,1/13/20,1/16/20
G65,16,1/3/20,B,1/11/20,N,1/11/20,Y,1/13/20,
G65,17,1/3/20,B,1/11/20,N,1/11/20,Y,1/13/20,1/16/20
G65,18,1/3/20,B,1/11/20,N,1/11/20,Y,1/13/20,
G65,19,1/3/20,B,1/11/20,N,1/11/20,Y,1/13/20,
G65,20,1/3/20,B,1/11/20,N,mold,NA,,
G65,21,1/3/20,B,1/11/20,N,1/11/20,Y,1/13/20,1/16/20
G65,22,1/3/20,B,1/11/20,N,1/11/20,Y,1/13/20,1/16/20
G65,23,1/3/20,B,1/11/20,N,1/11/20,Y,1/13/20,
G65,24,1/3/20,B,1/11/20,N,1/11/20,Y,1/13/20,
G65,25,1/3/20,B,1/11/20,N,1/11/20,Y,1/13/20,1/16/20
G65,26,1/3/20,B,1/11/20,N,1/11/20,Y,1/13/20,
G65,27,1/3/20,B,1/11/20,N,mold,NA,,
G65,28,1/3/20,B,1/11/20,N,1/11/20,Y,1/13/20,1/16/20
G65,29,1/3/20,B,1/11/20,N,1/11/20,Y,1/13/20,1/16/20
G65,30,1/3/20,B,1/11/20,N,1/11/20,Y,1/13/20,1/16/20
G64,1,1/3/20,A,1/11/20,N,1/11/20,Y,1/13/20,1/16/20
G64,2,1/3/20,A,1/11/20,N,1/11/20,Y,1/13/20,
G64,3,1/3/20,A,1/11/20,N,1/11/20,Y,,
G64,4,1/3/20,A,1/11/20,N,1/11/20,Y,1/13/20,
G64,5,1/3/20,A,1/11/20,N,1/11/20,Y,1/13/20,
G64,6,1/3/20,A,1/11/20,N,1/11/20,Y,1/13/20,
G64,7,1/3/20,A,1/11/20,N,1/11/20,Y,1/13/20,
G64,8,1/3/20,A,1/11/20,N,1/11/20,Y,1/13/20,1/16/20
G64,9,1/3/20,A,1/11/20,N,1/11/20,Y,1/13/20,
G64,10,1/3/20,A,1/11/20,N,1/11/20,Y,1/13/20,1/16/20
G64,11,1/3/20,A,1/11/20,N,1/11/20,Y,1/13/20,
G64,12,1/3/20,A,1/11/20,N,1/11/20,Y,1/13/20,1/16/20
G64,13,1/3/20,A,1/11/20,N,1/11/20,Y,1/13/20,
G64,14,1/3/20,A,1/11/20,N,mold,NA,,
G64,15,1/3/20,A,1/11/20,N,1/11/20,Y,1/13/20,
G64,16,1/3/20,B,1/11/20,N,1/11/20,Y,1/13/20,
G64,17,1/3/20,B,1/11/20,N,1/11/20,Y,1/13/20,1/16/20
G64,18,1/3/20,B,1/11/20,N,1/11/20,Y,1/13/20,
G64,19,1/3/20,B,1/11/20,N,1/11/20,Y,1/13/20,
G64,20,1/3/20,B,1/11/20,N,1/11/20,Y,1/13/20,
G64,21,1/3/20,B,1/11/20,N,1/11/20,Y,1/13/20,1/16/20
G64,22,1/3/20,B,1/11/20,N,1/11/20,Y,1/13/20,1/16/20
G64,23,1/3/20,B,1/11/20,N,1/11/20,Y,1/13/20,
G64,24,1/3/20,B,1/11/20,N,1/11/20,Y,1/13/20,
G64,25,1/3/20,B,1/11/20,N,1/11/20,Y,1/13/20,
G64,26,1/3/20,B,1/11/20,N,1/11/20,Y,1/13/20,
G64,27,1/3/20,B,1/11/20,N,1/11/20,Y,1/13/20,1/16/20
G64,28,1/3/20,B,1/11/20,N,1/11/20,Y,1/13/20,
G64,29,1/3/20,B,1/11/20,N,1/11/20,Y,1/13/20,
G64,30,1/3/20,B,1/11/20,N,1/11/20,Y,1/13/20,
G63,1,1/3/20,A,1/11/20,N,1/11/20,Y,1/13/20,1/16/20
G63,2,1/3/20,A,1/11/20,N,1/11/20,Y,1/13/20,1/16/20
G63,3,1/3/20,A,1/11/20,N,1/11/20,Y,1/13/20,1/16/20
G63,4,1/3/20,A,1/11/20,N,1/11/20,Y,1/13/20,1/16/20
G63,5,1/3/20,A,1/11/20,N,1/11/20,Y,1/13/20,1/16/20
G63,6,1/3/20,A,1/11/20,N,1/11/20,Y,1/13/20,1/16/20
G63,7,1/3/20,A,1/11/20,N,1/11/20,Y,1/13/20,1/16/20
G63,8,1/3/20,A,1/11/20,N,1/11/20,Y,1/13/20,1/16/20
G63,9,1/3/20,A,1/11/20,N,1/11/20,Y,1/13/20,1/16/20
G63,10,1/3/20,A,1/11/20,N,1/11/20,Y,1/13/20,1/16/20
G63,11,1/3/20,A,1/11/20,N,1/11/20,Y,1/13/20,1/16/20
G63,12,1/3/20,A,1/11/20,Y,NA,N,1/11/20,1/16/20
G63,13,1/3/20,A,1/11/20,N,1/11/20,Y,1/13/20,1/16/20
G63,14,1/3/20,A,1/11/20,N,1/11/20,Y,1/13/20,1/16/20
G63,15,1/3/20,A,1/11/20,N,1/11/20,Y,1/13/20,
G63,16,1/3/20,B,1/11/20,N,1/11/20,Y,1/13/20,1/16/20
G63,17,1/3/20,B,1/11/20,N,1/11/20,Y,1/13/20,1/16/20
G63,18,1/3/20,B,1/11/20,N,1/11/20,Y,1/13/20,1/16/20
G63,19,1/3/20,B,1/11/20,N,1/11/20,Y,1/13/20,1/16/20
G63,20,1/3/20,B,1/11/20,N,1/11/20,Y,1/13/20,1/16/20
G63,21,1/3/20,B,1/11/20,N,1/11/20,Y,1/13/20,1/16/20
G63,22,1/3/20,B,1/11/20,N,1/11/20,Y,1/13/20,1/16/20
G63,23,1/3/20,B,1/11/20,N,1/11/20,Y,1/13/20,1/16/20
G63,24,1/3/20,B,1/11/20,N,1/11/20,Y,1/13/20,1/16/20
G63,25,1/3/20,B,1/11/20,N,1/11/20,Y,1/13/20,1/16/20
G63,26,1/3/20,B,1/11/20,N,1/11/20,Y,1/13/20,1/16/20
G63,27,1/3/20,B,1/11/20,N,1/11/20,Y,1/13/20,1/16/20
G63,28,1/3/20,B,1/11/20,N,1/11/20,Y,1/13/20,1/16/20
G63,29,1/3/20,B,1/11/20,N,1/11/20,Y,1/13/20,
G63,30,1/3/20,B,1/11/20,N,1/11/20,Y,1/13/20,
G62,1,1/3/20,A,1/11/20,N,1/11/20,Y,1/13/20,1/16/20
G62,2,1/3/20,A,1/11/20,N,mold,NA,,
G62,3,1/3/20,A,1/11/20,N,1/11/20,Y,1/13/20,1/16/20
G62,4,1/3/20,A,1/11/20,N,1/11/20,Y,1/13/20,1/16/20
G62,5,1/3/20,A,1/11/20,N,1/11/20,Y,1/13/20,1/16/20
G62,6,1/3/20,A,1/11/20,N,1/11/20,Y,1/13/20,1/16/20
G62,7,1/3/20,A,1/11/20,N,1/11/20,Y,1/13/20,
G62,8,1/3/20,A,1/11/20,N,1/11/20,Y,1/13/20,1/16/20
G62,9,1/3/20,A,1/11/20,N,1/11/20,Y,1/13/20,1/16/20
G62,10,1/3/20,A,1/11/20,N,1/11/20,Y,1/13/20,1/16/20
G62,11,1/3/20,A,1/11/20,N,1/11/20,Y,1/13/20,1/16/20
G62,12,1/3/20,A,1/11/20,N,1/11/20,Y,1/13/20,1/16/20
G62,13,1/3/20,A,1/11/20,N,1/11/20,Y,1/13/20,
G62,14,1/3/20,A,1/11/20,N,1/11/20,Y,1/13/20,
G62,15,1/3/20,A,1/11/20,N,1/11/20,Y,1/13/20,
G62,16,1/3/20,B,1/11/20,N,mold,NA,,
G62,17,1/3/20,B,1/11/20,N,1/11/20,Y,1/13/20,1/16/20
G62,18,1/3/20,B,1/11/20,N,1/11/20,Y,1/13/20,1/16/20
G62,19,1/3/20,B,1/11/20,N,1/11/20,Y,1/13/20,1/16/20
G62,20,1/3/20,B,1/11/20,N,1/11/20,Y,1/13/20,1/16/20
G62,21,1/3/20,B,1/11/20,N,1/11/20,Y,1/13/20,1/16/20
G62,22,1/3/20,B,1/11/20,N,1/11/20,Y,1/13/20,1/16/20
G62,23,1/3/20,B,1/11/20,N,1/11/20,Y,1/13/20,1/16/20
G62,24,1/3/20,B,1/11/20,N,1/11/20,Y,1/13/20,1/16/20
G62,25,1/3/20,B,1/11/20,N,1/11/20,Y,1/13/20,1/16/20
G62,26,1/3/20,B,1/11/20,N,1/11/20,Y,1/13/20,1/16/20
G62,27,1/3/20,B,1/11/20,N,1/11/20,Y,1/13/20,1/16/20
G62,28,1/3/20,B,1/11/20,N,1/11/20,Y,1/13/20,1/16/20
G62,29,1/3/20,B,1/11/20,N,1/11/20,Y,1/13/20,1/16/20
G62,30,1/3/20,B,1/11/20,N,1/11/20,Y,1/13/20,1/16/20
G61,1,1/3/20,A,1/11/20,N,1/11/20,Y,1/13/20,1/16/20
G61,2,1/3/20,A,1/11/20,N,1/11/20,Y,1/13/20,
G61,3,1/3/20,A,1/11/20,N,1/11/20,Y,1/13/20,1/16/20
G61,4,1/3/20,A,1/11/20,N,1/11/20,Y,1/13/20,1/16/20
G61,5,1/3/20,A,1/11/20,N,1/11/20,Y,1/13/20,1/16/20
G61,6,1/3/20,A,1/11/20,N,1/11/20,Y,1/13/20,
G61,7,1/3/20,A,1/11/20,N,1/11/20,Y,1/13/20,1/16/20
G61,8,1/3/20,A,1/11/20,N,1/11/20,Y,1/13/20,1/16/20
G61,9,1/3/20,A,1/11/20,N,1/11/20,Y,1/13/20,1/16/20
G61,10,1/3/20,A,1/11/20,N,1/11/20,Y,1/13/20,1/16/20
G61,11,1/3/20,A,1/11/20,N,1/11/20,Y,1/13/20,1/16/20
G61,12,1/3/20,A,1/11/20,Y,NA,N,1/11/20,1/16/20
G61,13,1/3/20,A,1/11/20,N,1/11/20,Y,1/13/20,1/16/20
G61,14,1/3/20,A,1/11/20,N,1/11/20,Y,1/13/20,1/16/20
G61,15,1/3/20,A,1/11/20,N,1/11/20,Y,1/13/20,1/16/20
G61,16,1/3/20,B,1/11/20,N,1/11/20,Y,1/13/20,1/16/20
G61,17,1/3/20,B,1/11/20,N,1/11/20,Y,1/13/20,1/16/20
G61,18,1/3/20,B,1/11/20,N,1/11/20,Y,1/13/20,1/16/20
G61,19,1/3/20,B,1/11/20,N,1/11/20,Y,1/13/20,1/16/20
G61,20,1/3/20,B,1/11/20,N,1/11/20,Y,1/13/20,1/16/20
G61,21,1/3/20,B,1/11/20,N,mold,NA,,
G61,22,1/3/20,B,1/11/20,N,1/11/20,Y,1/13/20,1/16/20
G61,23,1/3/20,B,1/11/20,N,1/11/20,Y,1/13/20,1/16/20
G61,24,1/3/20,B,1/11/20,N,1/11/20,Y,1/13/20,1/16/20
G61,25,1/3/20,B,1/11/20,N,1/11/20,Y,1/13/20,1/16/20
G61,26,1/3/20,B,1/11/20,N,1/11/20,Y,1/13/20,1/16/20
G61,27,1/3/20,B,1/11/20,N,1/11/20,Y,1/13/20,1/16/20
G61,28,1/3/20,B,1/11/20,N,1/11/20,Y,1/13/20,1/16/20
G61,29,1/3/20,B,1/11/20,N,1/11/20,Y,1/13/20,1/16/20
G61,30,1/3/20,B,1/11/20,N,1/11/20,Y,1/13/20,1/16/20
G60,1,1/3/20,A,1/11/20,N,1/11/20,Y,,
G60,2,1/3/20,A,1/11/20,N,1/11/20,Y,1/16/20,1/16/20
G60,3,1/3/20,A,1/11/20,N,1/11/20,Y,1/13/20,1/16/20
G60,4,1/3/20,A,1/11/20,N,1/11/20,Y,1/13/20,1/16/20
G60,5,1/3/20,A,1/11/20,N,1/11/20,Y,1/13/20,1/16/20
G60,6,1/3/20,A,1/11/20,N,1/11/20,Y,1/13/20,1/16/20
G60,7,1/3/20,A,1/11/20,N,1/11/20,Y,1/16/20,1/16/20
G60,8,1/3/20,A,1/11/20,N,1/11/20,Y,,
G60,9,1/3/20,A,1/11/20,N,1/11/20,Y,,
G60,10,1/3/20,A,1/11/20,N,1/11/20,Y,,
G60,11,1/3/20,A,1/11/20,N,1/11/20,Y,1/13/20,1/16/20
G60,12,1/3/20,A,1/11/20,N,1/11/20,Y,,
G60,13,1/3/20,A,1/11/20,N,1/11/20,Y,1/13/20,1/16/20
G60,14,1/3/20,A,1/11/20,N,1/11/20,Y,1/13/20,1/16/20
G60,15,1/3/20,A,1/11/20,N,1/11/20,Y,,
G60,16,1/3/20,B,1/11/20,N,1/11/20,Y,,
G60,17,1/3/20,B,1/11/20,N,mold,NA,,
G60,18,1/3/20,B,1/11/20,N,mold,NA,,
G60,19,1/3/20,B,1/11/20,N,1/11/20,Y,,
G60,20,1/3/20,B,1/11/20,N,1/11/20,Y,1/13/20,1/16/20
G60,21,1/3/20,B,1/11/20,N,1/11/20,Y,1/13/20,1/16/20
G60,22,1/3/20,B,1/11/20,N,1/11/20,Y,1/13/20,1/16/20
G60,23,1/3/20,B,1/11/20,N,1/11/20,Y,,
G60,24,1/3/20,B,1/11/20,N,1/11/20,Y,,
G60,25,1/3/20,B,1/11/20,N,1/11/20,Y,,
G60,26,1/3/20,B,1/11/20,N,1/11/20,Y,1/13/20,1/16/20
G60,27,1/3/20,B,1/11/20,N,1/11/20,Y,1/13/20,1/16/20
G60,28,1/3/20,B,1/11/20,N,1/11/20,Y,1/13/20,1/16/20
G60,29,1/3/20,B,1/11/20,N,1/11/20,Y,,
G60,30,1/3/20,B,1/11/20,N,1/11/20,Y,1/13/20,1/16/20
G59,1,1/3/20,A,1/11/20,N,1/11/20,Y,1/13/20,1/16/20
G59,2,1/3/20,A,1/11/20,N,1/11/20,Y,1/13/20,1/16/20
G59,3,1/3/20,A,1/11/20,N,1/11/20,Y,1/13/20,
G59,4,1/3/20,A,1/11/20,N,1/11/20,Y,1/13/20,1/16/20
G59,5,1/3/20,A,1/11/20,N,1/11/20,Y,1/13/20,1/16/20
G59,6,1/3/20,A,1/11/20,N,1/11/20,Y,1/13/20,1/16/20
G59,7,1/3/20,A,1/11/20,N,1/11/20,Y,1/13/20,1/16/20
G59,8,1/3/20,A,1/11/20,N,1/11/20,Y,1/13/20,1/16/20
G59,9,1/3/20,A,1/11/20,N,1/11/20,Y,1/13/20,1/16/20
G59,10,1/3/20,A,1/11/20,N,1/11/20,Y,1/13/20,1/16/20
G59,11,1/3/20,A,1/11/20,N,1/11/20,Y,1/13/20,1/16/20
G59,12,1/3/20,A,1/11/20,N,1/11/20,Y,1/13/20,1/16/20
G59,13,1/3/20,A,1/11/20,N,1/11/20,Y,1/13/20,
G59,14,1/3/20,A,1/11/20,N,1/11/20,Y,1/13/20,1/16/20
G59,15,1/3/20,A,1/11/20,N,1/11/20,Y,1/13/20,1/16/20
G59,16,1/3/20,B,1/11/20,N,1/11/20,Y,1/13/20,1/16/20
G59,17,1/3/20,B,1/11/20,N,1/11/20,Y,1/13/20,1/16/20
G59,18,1/3/20,B,1/11/20,N,1/11/20,Y,1/13/20,1/16/20
G59,19,1/3/20,B,1/11/20,N,1/11/20,Y,1/13/20,1/16/20
G59,20,1/3/20,B,1/11/20,N,mold,NA,,
G59,21,1/3/20,B,1/11/20,N,1/11/20,Y,1/13/20,1/16/20
G59,22,1/3/20,B,1/11/20,N,1/11/20,Y,1/13/20,1/16/20
G59,23,1/3/20,B,1/11/20,N,1/11/20,Y,1/13/20,1/16/20
G59,24,1/3/20,B,1/11/20,N,1/11/20,Y,1/13/20,1/16/20
G59,25,1/3/20,B,1/11/20,N,1/11/20,Y,1/13/20,1/16/20
G59,26,1/3/20,B,1/11/20,N,1/11/20,Y,1/13/20,1/16/20
G59,27,1/3/20,B,1/11/20,N,1/11/20,Y,1/13/20,1/16/20
G59,28,1/3/20,B,1/11/20,N,1/11/20,Y,1/13/20,1/16/20
G59,29,1/3/20,B,1/11/20,N,1/11/20,Y,1/13/20,1/16/20
G59,30,1/3/20,B,1/11/20,N,1/11/20,Y,1/13/20,1/16/20
G58,1,1/3/20,A,1/11/20,N,1/11/20,Y,1/13/20,1/16/20
G58,2,1/3/20,A,1/11/20,N,1/11/20,Y,1/13/20,1/16/20
G58,3,1/3/20,A,1/11/20,N,1/11/20,Y,1/13/20,1/16/20
G58,4,1/3/20,A,1/11/20,N,1/11/20,Y,1/13/20,
G58,5,1/3/20,A,1/11/20,N,1/11/20,Y,1/13/20,1/16/20
G58,6,1/3/20,A,1/11/20,N,1/11/20,Y,1/13/20,
G58,7,1/3/20,A,1/11/20,N,1/11/20,Y,1/13/20,1/16/20
G58,8,1/3/20,A,1/11/20,N,1/11/20,Y,1/13/20,1/16/20
G58,9,1/3/20,A,1/11/20,N,1/11/20,Y,1/13/20,1/16/20
G58,10,1/3/20,A,1/11/20,N,1/11/20,Y,1/13/20,
G58,11,1/3/20,A,1/11/20,N,1/11/20,Y,1/13/20,1/16/20
G58,12,1/3/20,A,1/11/20,N,1/11/20,Y,1/13/20,1/16/20
G58,13,1/3/20,A,1/11/20,N,1/11/20,Y,1/13/20,1/16/20
G58,14,1/3/20,A,1/11/20,N,1/11/20,Y,1/13/20,1/16/20
G58,15,1/3/20,A,1/11/20,N,1/11/20,Y,1/13/20,1/16/20
G58,16,1/3/20,B,1/11/20,N,1/11/20,Y,1/13/20,1/16/20
G58,17,1/3/20,B,1/11/20,N,1/11/20,Y,1/13/20,
G58,18,1/3/20,B,1/11/20,N,1/11/20,Y,1/13/20,1/16/20
G58,19,1/3/20,B,1/11/20,N,1/11/20,Y,1/13/20,1/16/20
G58,20,1/3/20,B,1/11/20,N,1/11/20,Y,1/13/20,1/16/20
G58,21,1/3/20,B,1/11/20,N,1/11/20,Y,1/13/20,1/16/20
G58,22,1/3/20,B,1/11/20,N,1/11/20,Y,1/13/20,
G58,23,1/3/20,B,1/11/20,N,1/11/20,Y,1/13/20,1/16/20
G58,24,1/3/20,B,1/11/20,N,1/11/20,Y,1/13/20,
G58,25,1/3/20,B,1/11/20,N,1/11/20,Y,1/13/20,1/16/20
G58,26,1/3/20,B,1/11/20,N,1/11/20,Y,1/13/20,1/16/20
G58,27,1/3/20,B,1/11/20,N,1/11/20,Y,1/13/20,
G58,28,1/3/20,B,1/11/20,N,1/11/20,Y,1/13/20,
G58,29,1/3/20,B,1/11/20,N,1/11/20,Y,1/13/20,
G58,30,1/3/20,B,1/11/20,N,1/11/20,Y,1/13/20,1/16/20
G57,1,1/3/20,A,1/11/20,N,1/11/20,Y,1/13/20,1/16/20
G57,2,1/3/20,A,1/11/20,N,1/11/20,Y,1/13/20,1/16/20
G57,3,1/3/20,A,1/11/20,N,1/11/20,Y,1/13/20,1/16/20
G57,4,1/3/20,A,1/11/20,N,1/11/20,Y,1/13/20,1/16/20
G57,5,1/3/20,A,1/11/20,N,1/11/20,Y,1/13/20,1/16/20
G57,6,1/3/20,A,1/11/20,N,1/11/20,Y,1/13/20,1/16/20
G57,7,1/3/20,A,1/11/20,N,1/11/20,Y,1/13/20,1/16/20
G57,8,1/3/20,A,1/11/20,N,1/11/20,Y,1/13/20,1/16/20
G57,9,1/3/20,A,1/11/20,N,1/11/20,Y,1/13/20,1/16/20
G57,10,1/3/20,A,1/11/20,N,1/11/20,Y,1/13/20,1/16/20
G57,11,1/3/20,A,1/11/20,N,1/11/20,Y,1/13/20,1/16/20
G57,12,1/3/20,A,1/11/20,N,1/11/20,Y,1/13/20,1/16/20
G57,13,1/3/20,A,1/11/20,N,1/11/20,Y,1/13/20,1/16/20
G57,14,1/3/20,A,1/11/20,N,1/11/20,Y,1/13/20,1/16/20
G57,15,1/3/20,A,1/11/20,N,1/11/20,Y,1/13/20,
G57,16,1/3/20,B,1/11/20,N,1/11/20,Y,1/13/20,1/16/20
G57,17,1/3/20,B,1/11/20,N,1/11/20,Y,1/13/20,1/16/20
G57,18,1/3/20,B,1/11/20,N,1/11/20,Y,1/16/20,1/16/20
G57,19,1/3/20,B,1/11/20,N,1/11/20,Y,1/16/20,1/16/20
G57,20,1/3/20,B,1/11/20,N,1/11/20,Y,1/13/20,1/16/20
G57,21,1/3/20,B,1/11/20,N,1/11/20,Y,1/13/20,1/16/20
G57,22,1/3/20,B,1/11/20,N,1/11/20,Y,1/13/20,1/16/20
G57,23,1/3/20,B,1/11/20,N,1/11/20,Y,1/13/20,1/16/20
G57,24,1/3/20,B,1/11/20,N,1/11/20,Y,1/13/20,1/16/20
G57,25,1/3/20,B,1/11/20,N,1/11/20,Y,1/13/20,
G57,26,1/3/20,B,1/11/20,N,1/11/20,Y,1/13/20,1/16/20
G57,27,1/3/20,B,1/11/20,N,1/11/20,Y,1/13/20,1/16/20
G57,28,1/3/20,B,1/11/20,N,1/11/20,Y,1/13/20,1/16/20
G57,29,1/3/20,B,1/11/20,N,1/11/20,Y,1/13/20,1/16/20
G57,30,1/3/20,B,1/11/20,N,1/11/20,Y,1/13/20,1/16/20
G56,1,1/3/20,A,1/11/20,N,1/11/20,Y,,
G56,2,1/3/20,A,1/11/20,N,1/11/20,Y,1/13/20,1/16/20
G56,3,1/3/20,A,1/11/20,N,1/11/20,Y,1/13/20,1/16/20
G56,4,1/3/20,A,1/11/20,N,1/11/20,Y,1/13/20,
G56,5,1/3/20,A,1/11/20,N,1/11/20,Y,1/13/20,
G56,6,1/3/20,A,1/11/20,N,1/11/20,Y,1/13/20,1/16/20
G56,7,1/3/20,A,1/11/20,Y,NA,N,1/11/20,
G56,8,1/3/20,A,1/11/20,N,1/11/20,Y,1/13/20,1/16/20
G56,9,1/3/20,A,1/11/20,N,1/11/20,Y,,
G56,10,1/3/20,A,1/11/20,N,1/11/20,Y,1/13/20,
G56,11,1/3/20,A,1/11/20,N,1/11/20,Y,1/13/20,
G56,12,1/3/20,A,1/11/20,N,1/11/20,Y,1/13/20,
G56,13,1/3/20,A,1/11/20,N,1/11/20,Y,1/13/20,
G56,14,1/3/20,A,1/11/20,N,1/11/20,Y,,
G56,15,1/3/20,A,1/11/20,N,mold,NA,,
G56,16,1/3/20,B,1/11/20,N,1/11/20,Y,1/13/20,1/16/20
G56,17,1/3/20,B,1/11/20,N,1/11/20,Y,1/13/20,1/16/20
G56,18,1/3/20,B,1/11/20,N,1/11/20,Y,1/13/20,1/16/20
G56,19,1/3/20,B,1/11/20,N,1/11/20,Y,1/13/20,1/16/20
G56,20,1/3/20,B,1/11/20,N,1/11/20,Y,1/13/20,
G56,21,1/3/20,B,1/11/20,N,1/11/20,Y,1/13/20,1/16/20
G56,22,1/3/20,B,1/11/20,N,1/11/20,Y,1/13/20,1/16/20
G56,23,1/3/20,B,1/11/20,N,1/11/20,Y,1/13/20,
G56,24,1/3/20,B,1/11/20,N,1/11/20,Y,1/13/20,
G56,25,1/3/20,B,1/11/20,N,1/11/20,Y,1/13/20,
G56,26,1/3/20,B,1/11/20,N,1/11/20,Y,1/13/20,
G56,27,1/3/20,B,1/11/20,N,1/11/20,Y,1/13/20,
G56,28,1/3/20,B,1/11/20,N,1/11/20,Y,1/13/20,
G56,29,1/3/20,B,1/11/20,N,1/11/20,Y,1/13/20,1/16/20
G56,30,1/3/20,B,1/11/20,N,1/11/20,Y,1/13/20,1/16/20
G54,1,1/3/20,A,1/14/20,N,NA,N,,1/21/20
G54,2,1/3/20,A,1/14/20,N,NA,N,,1/21/20
G54,3,1/3/20,A,1/14/20,N,NA,N,,1/21/20
G54,4,1/3/20,A,1/14/20,N,NA,N,,1/21/20
G54,5,1/3/20,A,1/14/20,Y,NA,N,1/14/20,1/21/20
G54,6,1/3/20,A,1/14/20,N,NA,N,,1/21/20
G54,7,1/3/20,A,1/14/20,N,NA,N,,1/21/20
G54,8,1/3/20,A,1/14/20,Y,NA,N,1/14/20,1/14/20
G54,9,1/3/20,A,1/14/20,Y,NA,N,1/14/20,1/14/20
G54,10,1/3/20,A,1/14/20,N,NA,N,,
G54,11,1/3/20,A,1/14/20,N,NA,N,,1/21/20
G54,12,1/3/20,A,1/14/20,Y,NA,N,1/14/20,1/14/20
G54,13,1/3/20,A,1/14/20,N,NA,N,,1/21/20
G54,14,1/3/20,A,1/14/20,Y,NA,N,1/14/20,1/21/20
G54,15,1/3/20,A,1/14/20,Y,NA,N,1/14/20,1/21/20
G54,16,1/3/20,B,1/14/20,Y,NA,N,1/14/20,1/14/20
G54,17,1/3/20,B,1/14/20,Y,NA,N,1/14/20,1/14/20
G54,18,1/3/20,B,1/14/20,Y,NA,N,1/14/20,1/14/20
G54,19,1/3/20,B,1/14/20,Y,NA,N,1/14/20,1/14/20
G54,20,1/3/20,B,1/14/20,Y,NA,N,1/14/20,1/14/20
G54,21,1/3/20,B,1/14/20,Y,NA,N,1/14/20,1/21/20
G54,22,1/3/20,B,1/14/20,Y,NA,N,1/14/20,1/14/20
G54,23,1/3/20,B,1/14/20,Y,NA,N,1/14/20,1/21/20
G54,24,1/3/20,B,1/14/20,Y,NA,N,1/14/20,1/14/20
G54,25,1/3/20,B,1/14/20,Y,NA,N,1/14/20,1/14/20
G54,26,1/3/20,B,1/14/20,N,NA,N,,
G54,27,1/3/20,B,1/14/20,Y,NA,N,1/14/20,1/14/20
G54,28,1/3/20,B,1/14/20,Y,NA,N,1/14/20,1/14/20
G54,29,1/3/20,B,1/14/20,N,NA,N,,
G54,30,1/3/20,B,1/14/20,Y,NA,N,1/14/20,1/14/20
G53,1,1/3/20,A,1/14/20,N,NA,N,1/21/20,1/21/20
G53,2,1/3/20,A,1/14/20,N,NA,N,mold,
G53,3,1/3/20,A,1/14/20,N,NA,N,mold,
G53,4,1/3/20,A,1/14/20,N,NA,N,mold,
G53,5,1/3/20,A,1/14/20,N,NA,N,mold,
G53,6,1/3/20,A,1/14/20,N,NA,N,mold,
G53,7,1/3/20,A,1/14/20,N,NA,N,mold,
G53,8,1/3/20,A,1/14/20,N,NA,N,1/21/20,1/21/20
G53,9,1/3/20,A,1/14/20,N,NA,N,mold,
G53,10,1/3/20,A,1/14/20,N,NA,N,mold,
G53,11,1/3/20,A,1/14/20,N,NA,N,mold,
G53,12,1/3/20,A,1/14/20,N,NA,N,mold,
G53,13,1/3/20,A,1/14/20,N,NA,N,mold,
G53,14,1/3/20,A,1/14/20,N,NA,N,mold,
G53,15,1/3/20,A,1/14/20,N,NA,N,mold,
G53,16,1/3/20,B,1/14/20,N,NA,N,mold,
G53,17,1/3/20,B,1/14/20,N,NA,N,mold,
G53,18,1/3/20,B,1/14/20,N,NA,N,mold,
G53,19,1/3/20,B,1/14/20,N,NA,N,mold,
G53,20,1/3/20,B,1/14/20,N,NA,N,mold,
G53,21,1/3/20,B,1/14/20,N,NA,N,mold,
G53,22,1/3/20,B,1/14/20,N,NA,N,mold,
G53,23,1/3/20,B,1/14/20,N,NA,N,mold,
G53,24,1/3/20,B,1/14/20,N,NA,N,1/21/20,1/21/20
G53,25,1/3/20,B,1/14/20,N,NA,N,1/21/20,1/21/20
G53,26,1/3/20,B,1/14/20,N,NA,N,1/21/20,1/21/20
G53,27,1/3/20,B,1/14/20,N,NA,N,1/21/20,1/21/20
G53,28,1/3/20,B,1/14/20,N,NA,N,mold,
G53,29,1/3/20,B,1/14/20,N,NA,N,mold,
G53,30,1/3/20,B,1/14/20,N,NA,N,mold,
G52,1,1/3/20,A,1/14/20,N,NA,N,1/21/20,1/21/20
G52,2,1/3/20,A,1/14/20,N,NA,N,1/21/20,1/21/20
G52,3,1/3/20,A,1/14/20,N,NA,N,,1/29/20
G52,4,1/3/20,A,1/14/20,N,NA,N,,1/29/20
G52,5,1/3/20,A,1/14/20,N,NA,N,,
G52,6,1/3/20,A,1/14/20,N,NA,N,,
G52,7,1/3/20,A,1/14/20,N,NA,N,,
G52,8,1/3/20,A,1/14/20,N,NA,N,,
G52,9,1/3/20,A,1/14/20,N,NA,N,,
G52,10,1/3/20,A,1/14/20,N,NA,N,,1/29/20
G52,11,1/3/20,A,1/14/20,N,NA,N,,
G52,12,1/3/20,A,1/14/20,N,NA,N,,2/10/20
G52,13,1/3/20,A,1/14/20,N,NA,N,,
G52,14,1/3/20,A,1/14/20,N,NA,N,,
G52,15,1/3/20,A,1/14/20,N,NA,N,,
G52,16,1/3/20,B,1/14/20,N,NA,N,,
G52,17,1/3/20,B,1/14/20,N,NA,N,,1/29/20
G52,18,1/3/20,B,1/14/20,N,NA,N,,
G52,19,1/3/20,B,1/14/20,N,NA,N,,
G52,20,1/3/20,B,1/14/20,N,NA,N,,
G52,21,1/3/20,B,1/14/20,N,NA,N,,
G52,22,1/3/20,B,1/14/20,N,NA,N,,
G52,23,1/3/20,B,1/14/20,N,NA,N,,
G52,24,1/3/20,B,1/14/20,N,NA,N,,
G52,25,1/3/20,B,1/14/20,N,NA,N,,
G52,26,1/3/20,B,1/14/20,N,NA,N,,
G52,27,1/3/20,B,1/14/20,N,NA,N,,
G52,28,1/3/20,B,1/14/20,N,NA,N,,
G52,29,1/3/20,B,1/14/20,N,NA,N,,
G52,30,1/3/20,B,1/14/20,N,NA,N,,
G51,1,1/3/20,A,1/14/20,N,NA,N,,
G51,2,1/3/20,A,1/14/20,N,NA,N,,
G51,3,1/3/20,A,1/14/20,N,NA,N,,
G51,4,1/3/20,A,1/14/20,N,NA,N,,
G51,5,1/3/20,A,1/14/20,N,NA,N,,
G51,6,1/3/20,A,1/14/20,N,NA,N,,
G51,7,1/3/20,A,1/14/20,N,NA,N,,
G51,8,1/3/20,A,1/14/20,N,NA,N,,
G51,9,1/3/20,A,1/14/20,N,NA,N,,
G51,10,1/3/20,A,1/14/20,N,NA,N,,
G51,11,1/3/20,A,1/14/20,N,NA,N,,
G51,12,1/3/20,A,1/14/20,N,NA,N,,2/10/20
G51,13,1/3/20,A,1/14/20,N,NA,N,,
G51,14,1/3/20,A,1/14/20,N,NA,N,,
G51,15,1/3/20,A,1/14/20,N,NA,N,,
G51,16,1/3/20,B,1/14/20,N,NA,N,,
G51,17,1/3/20,B,1/14/20,N,NA,N,,
G51,18,1/3/20,B,1/14/20,N,NA,N,,
G51,19,1/3/20,B,1/14/20,N,NA,N,,
G51,20,1/3/20,B,1/14/20,N,NA,N,,
G51,21,1/3/20,B,1/14/20,N,NA,N,,
G51,22,1/3/20,B,1/14/20,N,NA,N,,
G51,23,1/3/20,B,1/14/20,N,NA,N,,
G51,24,1/3/20,B,1/14/20,N,NA,N,,
G51,25,1/3/20,B,1/14/20,N,NA,N,,
G51,26,1/3/20,B,1/14/20,N,NA,N,,
G51,27,1/3/20,B,1/14/20,N,NA,N,,
G51,28,1/3/20,B,1/14/20,N,NA,N,,
G51,29,1/3/20,B,1/14/20,N,NA,N,,
G51,30,1/3/20,B,1/14/20,N,NA,N,,
G50,1,1/3/20,A,1/14/20,N,NA,N,,
G50,2,1/3/20,A,1/14/20,N,NA,N,,
G50,3,1/3/20,A,1/14/20,N,NA,N,,1/29/20
G50,4,1/3/20,A,1/14/20,N,NA,N,,
G50,5,1/3/20,A,1/14/20,N,NA,N,1/21/20,1/21/20
G50,6,1/3/20,A,1/14/20,N,NA,N,,
G50,7,1/3/20,A,1/14/20,N,NA,N,,
G50,8,1/3/20,A,1/14/20,N,NA,N,,
G50,9,1/3/20,A,1/14/20,N,NA,N,1/29/20,
G50,10,1/3/20,A,1/14/20,N,NA,N,,
G50,11,1/3/20,A,1/14/20,N,NA,N,,1/29/20
G50,12,1/3/20,A,1/14/20,N,NA,N,,1/29/20
G50,13,1/3/20,A,1/14/20,N,NA,N,,2/10/20
G50,14,1/3/20,A,1/14/20,N,NA,N,,
G50,15,1/3/20,A,1/14/20,N,NA,N,,2/10/20
G50,16,1/3/20,B,1/14/20,N,NA,N,,
G50,17,1/3/20,B,1/14/20,N,NA,N,,
G50,18,1/3/20,B,1/14/20,N,NA,N,,
G50,19,1/3/20,B,1/14/20,N,NA,N,,
G50,20,1/3/20,B,1/14/20,N,NA,N,,2/10/20
G50,21,1/3/20,B,1/14/20,N,NA,N,,
G50,22,1/3/20,B,1/14/20,N,NA,N,,
G50,23,1/3/20,B,1/14/20,N,NA,N,,
G50,24,1/3/20,B,1/14/20,N,NA,N,,
G50,25,1/3/20,B,1/14/20,N,NA,N,,
G50,26,1/3/20,B,1/14/20,N,NA,N,,
G50,27,1/3/20,B,1/14/20,N,NA,N,,
G50,28,1/3/20,B,1/14/20,N,NA,N,,
G50,29,1/3/20,B,1/14/20,N,NA,N,,
G50,30,1/3/20,B,1/14/20,N,NA,N,1/21/20,1/21/20
G49,1,1/3/20,A,1/14/20,N,NA,N,,
G49,2,1/3/20,A,1/14/20,N,NA,N,,
G49,3,1/3/20,A,1/14/20,N,NA,N,,
G49,4,1/3/20,A,1/14/20,N,NA,N,,
G49,5,1/3/20,A,1/14/20,N,NA,N,,
G49,6,1/3/20,A,1/14/20,N,NA,N,,
G49,7,1/3/20,A,1/14/20,N,NA,N,,
G49,8,1/3/20,A,1/14/20,N,NA,N,,
G49,9,1/3/20,A,1/14/20,N,NA,N,,
G49,10,1/3/20,A,1/14/20,N,NA,N,,
G49,11,1/3/20,A,1/14/20,N,NA,N,,
G49,12,1/3/20,A,1/14/20,N,NA,N,,
G49,13,1/3/20,A,1/14/20,N,NA,N,,
G49,14,1/3/20,A,1/14/20,N,NA,N,,
G49,15,1/3/20,A,1/14/20,N,NA,N,,
G49,16,1/3/20,B,1/14/20,N,NA,N,mold,
G49,17,1/3/20,B,1/14/20,N,NA,N,mold,
G49,18,1/3/20,B,1/14/20,N,NA,N,mold,
G49,19,1/3/20,B,1/14/20,N,NA,N,1/21/20,1/21/20
G49,20,1/3/20,B,1/14/20,N,NA,N,mold,
G49,21,1/3/20,B,1/14/20,N,NA,N,mold,
G49,22,1/3/20,B,1/14/20,N,NA,N,1/21/20,1/21/20
G49,23,1/3/20,B,1/14/20,N,NA,N,mold,
G49,24,1/3/20,B,1/14/20,N,NA,N,mold,
G49,25,1/3/20,B,1/14/20,N,NA,N,1/21/20,1/21/20
G49,26,1/3/20,B,1/14/20,N,NA,N,1/29/20,1/29/20
G49,27,1/3/20,B,1/14/20,N,NA,N,mold,
G49,28,1/3/20,B,1/14/20,N,NA,N,mold,
G49,29,1/3/20,B,1/14/20,N,NA,N,mold,
G49,30,1/3/20,B,1/14/20,N,NA,N,mold,
G48,1,1/3/20,A,1/14/20,N,NA,N,,1/29/20
G48,2,1/3/20,A,1/14/20,N,NA,N,,1/29/20
G48,3,1/3/20,A,1/14/20,N,NA,N,,1/29/20
G48,4,1/3/20,A,1/14/20,N,NA,N,,1/29/20
G48,5,1/3/20,A,1/14/20,N,NA,N,,1/29/20
G48,6,1/3/20,A,1/14/20,N,NA,N,,1/29/20
G48,7,1/3/20,A,1/14/20,N,NA,N,,1/29/20
G48,8,1/3/20,A,1/14/20,N,NA,N,,1/29/20
G48,9,1/3/20,A,1/14/20,N,NA,N,,1/29/20
G48,10,1/3/20,A,1/14/20,N,NA,N,,1/29/20
G48,11,1/3/20,A,1/14/20,N,NA,N,,1/29/20
G48,12,1/3/20,A,1/14/20,N,NA,N,,1/29/20
G48,13,1/3/20,A,1/14/20,N,NA,N,,1/29/20
G48,14,1/3/20,A,1/14/20,N,NA,N,,
G48,15,1/3/20,A,1/14/20,N,NA,N,,
G48,16,1/3/20,B,1/14/20,N,NA,N,,1/29/20
G48,17,1/3/20,B,1/14/20,N,NA,N,,1/29/20
G48,18,1/3/20,B,1/14/20,N,NA,N,,1/29/20
G48,19,1/3/20,B,1/14/20,N,NA,N,,1/29/20
G48,20,1/3/20,B,1/14/20,N,NA,N,,1/29/20
G48,21,1/3/20,B,1/14/20,N,NA,N,,2/10/20
G48,22,1/3/20,B,1/14/20,N,NA,N,,2/10/20
G48,23,1/3/20,B,1/14/20,N,NA,N,,2/10/20
G48,24,1/3/20,B,1/14/20,N,NA,N,,2/10/20
G48,25,1/3/20,B,1/14/20,N,NA,N,,2/10/20
G48,26,1/3/20,B,1/14/20,N,NA,N,,2/10/20
G48,27,1/3/20,B,1/14/20,N,NA,N,,2/10/20
G48,28,1/3/20,B,1/14/20,N,NA,N,,
G48,29,1/3/20,B,1/14/20,N,NA,N,,
G48,30,1/3/20,B,1/14/20,N,NA,N,,
G47,1,1/3/20,A,1/14/20,N,NA,N,,1/29/20
G47,2,1/3/20,A,1/14/20,N,NA,N,,1/29/20
G47,3,1/3/20,A,1/14/20,N,NA,N,1/21/20,1/21/20
G47,4,1/3/20,A,1/14/20,N,NA,N,,1/29/20
G47,5,1/3/20,A,1/14/20,N,NA,N,,1/29/20
G47,6,1/3/20,A,1/14/20,N,NA,N,1/21/20,1/21/20
G47,7,1/3/20,A,1/14/20,N,NA,N,,
G47,8,1/3/20,A,1/14/20,N,NA,N,,
G47,9,1/3/20,A,1/14/20,N,NA,N,,
G47,10,1/3/20,A,1/14/20,N,NA,N,,1/29/20
G47,11,1/3/20,A,1/14/20,N,NA,N,,1/29/20
G47,12,1/3/20,A,1/14/20,N,NA,N,,1/29/20
G47,13,1/3/20,A,1/14/20,N,NA,N,,1/29/20
G47,14,1/3/20,A,1/14/20,N,NA,N,,1/29/20
G47,15,1/3/20,A,1/14/20,N,NA,N,,1/29/20
G47,16,1/3/20,B,1/14/20,N,NA,N,,
G47,17,1/3/20,B,1/14/20,N,NA,N,,1/21/20
G47,18,1/3/20,B,1/14/20,N,NA,N,,1/21/20
G47,19,1/3/20,B,1/14/20,Y,NA,N,1/14/20,1/14/20
G47,20,1/3/20,B,1/14/20,N,NA,N,,1/21/20
G47,21,1/3/20,B,1/14/20,N,NA,N,,1/21/20
G47,22,1/3/20,B,1/14/20,Y,NA,N,1/14/20,1/14/20
G47,23,1/3/20,B,1/14/20,N,NA,N,,1/21/20
G47,24,1/3/20,B,1/14/20,Y,NA,N,1/14/20,1/14/20
G47,25,1/3/20,B,1/14/20,N,NA,N,,
G47,26,1/3/20,B,1/14/20,N,NA,N,,
G47,27,1/3/20,B,1/14/20,N,NA,N,,
G47,28,1/3/20,B,1/14/20,Y,NA,N,1/14/20,1/21/20
G47,29,1/3/20,B,1/14/20,N,NA,N,,
G47,30,1/3/20,B,1/14/20,N,NA,N,,1/21/20
G45,1,1/3/20,A,1/14/20,N,NA,N,,1/29/20
G45,2,1/3/20,A,1/14/20,N,NA,N,,1/29/20
G45,3,1/3/20,A,1/14/20,N,NA,N,,1/29/20
G45,4,1/3/20,A,1/14/20,N,NA,N,,1/29/20
G45,5,1/3/20,A,1/14/20,N,NA,N,,1/29/20
G45,6,1/3/20,A,1/14/20,N,NA,N,,1/29/20
G45,7,1/3/20,A,1/14/20,N,NA,N,,1/29/20
G45,8,1/3/20,A,1/14/20,N,NA,N,,
G45,9,1/3/20,A,1/14/20,N,NA,N,,
G45,10,1/3/20,A,1/14/20,N,NA,N,,
G45,11,1/3/20,A,1/14/20,N,NA,N,,
G45,12,1/3/20,A,1/14/20,N,NA,N,,
G45,13,1/3/20,A,1/14/20,N,NA,N,,
G45,14,1/3/20,A,1/14/20,N,NA,N,,
G45,15,1/3/20,A,1/14/20,N,NA,N,,
G45,16,1/3/20,B,1/14/20,N,NA,N,,
G45,17,1/3/20,B,1/14/20,N,NA,N,,
G45,18,1/3/20,B,1/14/20,N,NA,N,,
G45,19,1/3/20,B,1/14/20,N,NA,N,,2/10/20
G45,20,1/3/20,B,1/14/20,N,NA,N,,
G45,21,1/3/20,B,1/14/20,N,NA,N,,
G45,22,1/3/20,B,1/14/20,N,NA,N,,
G45,23,1/3/20,B,1/14/20,N,NA,N,,
G45,24,1/3/20,B,1/14/20,N,NA,N,,
G45,25,1/3/20,B,1/14/20,N,NA,N,,
G45,26,1/3/20,B,1/14/20,N,NA,N,,
G45,27,1/3/20,B,1/14/20,N,NA,N,,
G45,28,1/3/20,B,1/14/20,N,NA,N,,
G45,29,1/3/20,B,1/14/20,N,NA,N,,
G45,30,1/3/20,B,1/14/20,N,NA,N,,
G44,1,1/3/20,A,1/14/20,Y,NA,N,1/14/20,1/16/20
G44,2,1/3/20,A,1/14/20,N,,N,,1/21/20
G44,3,1/3/20,A,1/14/20,N,,N,,1/21/20
G44,4,1/3/20,A,1/14/20,Y,NA,N,1/14/20,1/16/20
G44,5,1/3/20,A,1/14/20,N,,N,,1/21/20
G44,6,1/3/20,A,1/14/20,N,,N,,1/21/20
G44,7,1/3/20,A,1/14/20,N,,N,,1/16/20
G44,8,1/3/20,A,1/14/20,N,,N,,1/21/20
G44,9,1/3/20,A,1/14/20,N,,N,,1/21/20
G44,10,1/3/20,A,1/14/20,N,,N,,1/21/20
G44,11,1/3/20,A,1/14/20,Y,NA,N,1/14/20,1/14/20
G44,12,1/3/20,A,1/14/20,N,,N,,1/21/20
G44,13,1/3/20,A,1/14/20,N,,N,,1/16/20
G44,14,1/3/20,A,1/14/20,Y,NA,N,1/14/20,1/14/20
G44,15,1/3/20,A,1/14/20,N,,N,,1/21/20
G44,16,1/3/20,B,1/14/20,N,,N,,1/16/20
G44,17,1/3/20,B,1/14/20,N,,N,,1/16/20
G44,18,1/3/20,B,1/14/20,Y,NA,N,1/14/20,1/16/20
G44,19,1/3/20,B,1/14/20,N,,N,,1/16/20
G44,20,1/3/20,B,1/14/20,N,,N,,1/16/20
G44,21,1/3/20,B,1/14/20,N,,N,,1/16/20
G44,22,1/3/20,B,1/14/20,N,,N,,1/16/20
G44,23,1/3/20,B,1/14/20,Y,NA,N,1/14/20,1/14/20
G44,24,1/3/20,B,1/14/20,Y,NA,N,1/14/20,1/21/20
G44,25,1/3/20,B,1/14/20,N,,N,,1/16/20
G44,26,1/3/20,B,1/14/20,Y,NA,N,1/14/20,1/16/20
G44,27,1/3/20,B,1/14/20,N,,N,,1/16/20
G44,28,1/3/20,B,1/14/20,N,,N,,1/21/20
G44,29,1/3/20,B,1/14/20,N,,N,,1/21/20
G44,30,1/3/20,B,1/14/20,N,,N,,
G43,1,1/3/20,A,1/14/20,N,,N,,2/10/20
G43,2,1/3/20,A,1/14/20,N,,N,,
G43,3,1/3/20,A,1/14/20,N,,N,,
G43,4,1/3/20,A,1/14/20,N,,N,,
G43,5,1/3/20,A,1/14/20,N,,N,1/29/20,1/29/20
G43,6,1/3/20,A,1/14/20,N,,N,1/29/20,1/29/20
G43,7,1/3/20,A,1/14/20,N,,N,,
G43,8,1/3/20,A,1/14/20,N,,N,,
G43,9,1/3/20,A,1/14/20,N,,N,,
G43,10,1/3/20,A,1/14/20,N,,N,2/10/20,
G43,11,1/3/20,A,1/14/20,N,,N,,2/10/20
G43,12,1/3/20,A,1/14/20,N,,N,,
G43,13,1/3/20,A,1/14/20,N,,N,,
G43,14,1/3/20,A,1/14/20,N,,N,,
G43,15,1/3/20,A,1/14/20,N,,N,,
G43,16,1/3/20,B,1/14/20,N,,N,,1/29/20
G43,17,1/3/20,B,1/14/20,N,,N,,1/29/20
G43,18,1/3/20,B,1/14/20,N,,N,,2/10/20
G43,19,1/3/20,B,1/14/20,N,,N,1/16/20,1/16/20
G43,20,1/3/20,B,1/14/20,N,,N,,
G43,21,1/3/20,B,1/14/20,N,,N,,
G43,22,1/3/20,B,1/14/20,N,,N,,
G43,23,1/3/20,B,1/14/20,N,,N,,
G43,24,1/3/20,B,1/14/20,N,,N,,
G43,25,1/3/20,B,1/14/20,N,,N,1/16/20,1/16/20
G43,26,1/3/20,B,1/14/20,N,,N,,
G43,27,1/3/20,B,1/14/20,N,,N,,
G43,28,1/3/20,B,1/14/20,N,,N,,2/10/20
G43,29,1/3/20,B,1/14/20,N,,N,,2/10/20
G43,30,1/3/20,B,1/14/20,N,,N,,1/29/20
G42,1,1/3/20,A,1/14/20,N,,N,,
G42,2,1/3/20,A,1/14/20,N,,N,1/21/20,1/21/20
G42,3,1/3/20,A,1/14/20,N,,N,,
G42,4,1/3/20,A,1/14/20,N,,N,1/21/20,1/21/20
G42,5,1/3/20,A,1/14/20,N,,N,,
G42,6,1/3/20,A,1/14/20,N,,N,,
G42,7,1/3/20,A,1/14/20,N,,N,,
G42,8,1/3/20,A,1/14/20,N,,N,,
G42,9,1/3/20,A,1/14/20,Y,NA,N,1/14/20,1/21/20
G42,10,1/3/20,A,1/14/20,N,,N,rotten,
G42,11,1/3/20,A,1/14/20,N,,N,,
G42,12,1/3/20,A,1/14/20,N,,N,1/21/20,1/21/20
G42,13,1/3/20,A,1/14/20,N,,N,rotten,
G42,14,1/3/20,A,1/14/20,N,,N,1/21/20,1/21/20
G42,15,1/3/20,A,1/14/20,N,,N,,
G42,16,1/3/20,B,1/14/20,N,,N,rotten,
G42,17,1/3/20,B,1/14/20,N,,N,rotten,
G42,18,1/3/20,B,1/14/20,N,,N,1/21/20,1/21/20
G42,19,1/3/20,B,1/14/20,Y,NA,N,1/14/20,rotten
G42,20,1/3/20,B,1/14/20,N,,N,rotten,
G42,21,1/3/20,B,1/14/20,N,,N,rotten,
G42,22,1/3/20,B,1/14/20,N,,N,1/21/20,1/21/20
G42,23,1/3/20,B,1/14/20,N,,N,rotten,
G42,24,1/3/20,B,1/14/20,N,,N,rotten,
G42,25,1/3/20,B,1/14/20,N,,N,rotten,
G42,26,1/3/20,B,1/14/20,N,,N,rotten,
G42,27,1/3/20,B,1/14/20,N,,N,rotten,
G42,28,1/3/20,B,1/14/20,N,,N,1/21/20,1/21/20
G42,29,1/3/20,B,1/14/20,N,,N,rotten,
G42,30,1/3/20,B,1/14/20,N,,N,rotten,
G40,1,1/3/20,A,1/14/20,N,,N,,
G40,2,1/3/20,A,1/14/20,N,,N,,
G40,3,1/3/20,A,1/14/20,N,,N,,
G40,4,1/3/20,A,1/14/20,N,,N,,
G40,5,1/3/20,A,1/14/20,N,,N,,
G40,6,1/3/20,A,1/14/20,N,,N,,
G40,7,1/3/20,A,1/14/20,N,,N,,
G40,8,1/3/20,A,1/14/20,N,,N,,
G40,9,1/3/20,A,1/14/20,N,,N,,
G40,10,1/3/20,A,1/14/20,N,,N,,
G40,11,1/3/20,A,1/14/20,N,,N,,
G40,12,1/3/20,A,1/14/20,N,,N,,
G40,13,1/3/20,A,1/14/20,N,,N,,
G40,14,1/3/20,A,1/14/20,N,,N,,
G40,15,1/3/20,A,1/14/20,N,,N,,
G40,16,1/3/20,B,1/14/20,N,,N,,
G40,17,1/3/20,B,1/14/20,N,,N,,
G40,18,1/3/20,B,1/14/20,N,,N,,
G40,19,1/3/20,B,1/14/20,N,,N,,
G40,20,1/3/20,B,1/14/20,N,,N,,
G40,21,1/3/20,B,1/14/20,N,,N,,
G40,22,1/3/20,B,1/14/20,N,,N,,
G40,23,1/3/20,B,1/14/20,N,,N,,
G40,24,1/3/20,B,1/14/20,N,,N,,
G40,25,1/3/20,B,1/14/20,N,,N,,
G40,26,1/3/20,B,1/14/20,N,,N,,
G40,27,1/3/20,B,1/14/20,N,,N,,
G40,28,1/3/20,B,1/14/20,N,,N,,
G40,29,1/3/20,B,1/14/20,N,,N,,
G40,30,1/3/20,B,1/14/20,N,,N,,
G39,1,1/3/20,A,1/14/20,N,,N,,2/10/20
G39,2,1/3/20,A,1/14/20,N,,N,,1/29/20
G39,3,1/3/20,A,1/14/20,N,,N,,
G39,4,1/3/20,A,1/14/20,N,,N,,
G39,5,1/3/20,A,1/14/20,N,,N,,
G39,6,1/3/20,A,1/14/20,N,,N,,
G39,7,1/3/20,A,1/14/20,N,,N,,
G39,8,1/3/20,A,1/14/20,N,,N,,2/10/20
G39,9,1/3/20,A,1/14/20,N,,N,,1/29/20
G39,10,1/3/20,A,1/14/20,N,,N,,
G39,11,1/3/20,A,1/14/20,N,,N,,
G39,12,1/3/20,A,1/14/20,N,,N,,
G39,13,1/3/20,A,1/14/20,N,,N,,
G39,14,1/3/20,A,1/14/20,N,,N,,
G39,15,1/3/20,A,1/14/20,N,,N,,2/10/20
G39,16,1/3/20,B,1/14/20,N,,N,,
G39,17,1/3/20,B,1/14/20,N,,N,,
G39,18,1/3/20,B,1/14/20,N,,N,,
G39,19,1/3/20,B,1/14/20,N,,N,,
G39,20,1/3/20,B,1/14/20,N,,N,,
G39,21,1/3/20,B,1/14/20,N,,N,,
G39,22,1/3/20,B,1/14/20,N,,N,,
G39,23,1/3/20,B,1/14/20,N,,N,,
G39,24,1/3/20,B,1/14/20,N,,N,,
G39,25,1/3/20,B,1/14/20,N,,N,,
G39,26,1/3/20,B,1/14/20,N,,N,,
G39,27,1/3/20,B,1/14/20,N,,N,,
G39,28,1/3/20,B,1/14/20,N,,N,,
G39,29,1/3/20,B,1/14/20,N,,N,,
G39,30,1/3/20,B,1/14/20,N,,N,,
G37,1,1/3/20,A,1/14/20,N,,N,,2/10/20
G37,2,1/3/20,A,1/14/20,N,,N,2/10/20,
G37,3,1/3/20,A,1/14/20,N,,N,,
G37,4,1/3/20,A,1/14/20,N,,N,,
G37,5,1/3/20,A,1/14/20,N,,N,,
G37,6,1/3/20,A,1/14/20,N,,N,,
G37,7,1/3/20,A,1/14/20,N,,N,,
G37,8,1/3/20,A,1/14/20,N,,N,,
G37,9,1/3/20,A,1/14/20,N,,N,,
G37,10,1/3/20,A,1/14/20,N,,N,,
G37,11,1/3/20,A,1/14/20,N,,N,,
G37,12,1/3/20,A,1/14/20,N,,N,,2/10/20
G37,13,1/3/20,A,1/14/20,N,,N,,2/10/20
G37,14,1/3/20,A,1/14/20,N,,N,,2/10/20
G37,15,1/3/20,A,1/14/20,N,,N,,
G37,16,1/3/20,B,1/14/20,N,,N,,
G37,17,1/3/20,B,1/14/20,N,,N,,
G37,18,1/3/20,B,1/14/20,N,,N,,
G37,19,1/3/20,B,1/14/20,N,,N,,
G37,20,1/3/20,B,1/14/20,N,,N,,
G37,21,1/3/20,B,1/14/20,N,,N,,
G37,22,1/3/20,B,1/14/20,N,,N,,
G37,23,1/3/20,B,1/14/20,N,,N,,
G37,24,1/3/20,B,1/14/20,N,,N,,
G37,25,1/3/20,B,1/14/20,N,,N,,
G37,26,1/3/20,B,1/14/20,N,,N,,
G37,27,1/3/20,B,1/14/20,N,,N,,
G37,28,1/3/20,B,1/14/20,N,,N,,
G37,29,1/3/20,B,1/14/20,N,,N,,
G37,30,1/3/20,B,1/14/20,N,,N,,
G36,1,1/3/20,A,1/14/20,N,,N,,1/29/20
G36,2,1/3/20,A,1/14/20,N,,N,,
G36,3,1/3/20,A,1/14/20,N,,N,,
G36,4,1/3/20,A,1/14/20,N,,N,,
G36,5,1/3/20,A,1/14/20,N,,N,,
G36,6,1/3/20,A,1/14/20,N,,N,,
G36,7,1/3/20,A,1/14/20,N,,N,,
G36,8,1/3/20,A,1/14/20,N,,N,,
G36,9,1/3/20,A,1/14/20,N,,N,,
G36,10,1/3/20,A,1/14/20,N,,N,,
G36,11,1/3/20,A,1/14/20,N,,N,,
G36,12,1/3/20,A,1/14/20,N,,N,,
G36,13,1/3/20,A,1/14/20,N,,N,,
G36,14,1/3/20,A,1/14/20,N,,N,,
G36,15,1/3/20,A,1/14/20,N,,N,,
G36,16,1/3/20,B,1/14/20,N,,N,,2/10/20
G36,17,1/3/20,B,1/14/20,N,,N,,
G36,18,1/3/20,B,1/14/20,N,,N,,
G36,19,1/3/20,B,1/14/20,N,,N,,
G36,20,1/3/20,B,1/14/20,N,,N,,
G36,21,1/3/20,B,1/14/20,N,,N,,
G36,22,1/3/20,B,1/14/20,N,,N,,
G36,23,1/3/20,B,1/14/20,N,,N,,1/29/20
G36,24,1/3/20,B,1/14/20,N,,N,,
G36,25,1/3/20,B,1/14/20,N,,N,,
G36,26,1/3/20,B,1/14/20,N,,N,,
G36,27,1/3/20,B,1/14/20,N,,N,,
G36,28,1/3/20,B,1/14/20,N,,N,,
G36,29,1/3/20,B,1/14/20,N,,N,,
G36,30,1/3/20,B,1/14/20,N,,N,,
G35,1,1/3/20,A,1/14/20,N,,N,,1/28/20
G35,2,1/3/20,A,1/14/20,N,,N,,1/28/20
G35,3,1/3/20,A,1/14/20,N,,N,,1/28/20
G35,4,1/3/20,A,1/14/20,N,,N,,1/28/20
G35,5,1/3/20,A,1/14/20,N,,N,,1/28/20
G35,6,1/3/20,A,1/14/20,N,,N,,1/28/20
G35,7,1/3/20,A,1/14/20,N,,N,,1/28/20
G35,8,1/3/20,A,1/14/20,N,,N,,1/28/20
G35,9,1/3/20,A,1/14/20,N,,N,,2/10/20
G35,10,1/3/20,A,1/14/20,N,,N,1/21/20,1/21/20
G35,11,1/3/20,A,1/14/20,N,,N,,
G35,12,1/3/20,A,1/14/20,N,,N,,
G35,13,1/3/20,A,1/14/20,N,,N,,
G35,14,1/3/20,A,1/14/20,N,,N,,
G35,15,1/3/20,A,1/14/20,N,,N,,2/10/20
G35,16,1/3/20,B,1/14/20,N,,N,,1/28/20
G35,17,1/3/20,B,1/14/20,N,,N,,1/28/20
G35,18,1/3/20,B,1/14/20,N,,N,,1/28/20
G35,19,1/3/20,B,1/14/20,N,,N,,
G35,20,1/3/20,B,1/14/20,N,,N,,
G35,21,1/3/20,B,1/14/20,N,,N,,
G35,22,1/3/20,B,1/14/20,N,,N,,2/10/20
G35,23,1/3/20,B,1/14/20,N,,N,,
G35,24,1/3/20,B,1/14/20,N,,N,1/21/20,
G35,25,1/3/20,B,1/14/20,N,,N,1/21/20,
G35,26,1/3/20,B,1/14/20,N,,N,,
G35,27,1/3/20,B,1/14/20,N,,N,1/21/20,
G35,28,1/3/20,B,1/14/20,N,,N,1/21/20,
G35,29,1/3/20,B,1/14/20,N,,N,1/21/20,
G35,30,1/3/20,B,1/14/20,N,,N,,
G34,1,1/3/20,A,1/14/20,N,,N,,1/29/20
G34,2,1/3/20,A,1/14/20,N,,N,,2/10/20
G34,3,1/3/20,A,1/14/20,N,,N,,
G34,4,1/3/20,A,1/14/20,N,,N,,
G34,5,1/3/20,A,1/14/20,N,,N,,
G34,6,1/3/20,A,1/14/20,N,,N,,
G34,7,1/3/20,A,1/14/20,N,,N,,
G34,8,1/3/20,A,1/14/20,N,,N,,
G34,9,1/3/20,A,1/14/20,N,,N,,
G34,10,1/3/20,A,1/14/20,N,,N,,
G34,11,1/3/20,A,1/14/20,N,,N,,
G34,12,1/3/20,A,1/14/20,N,,N,,
G34,13,1/3/20,A,1/14/20,N,,N,,
G34,14,1/3/20,A,1/14/20,N,,N,,2/10/20
G34,15,1/3/20,A,1/14/20,N,,N,,
G34,16,1/3/20,B,1/14/20,N,,N,,1/29/20
G34,17,1/3/20,B,1/14/20,N,,N,,1/29/20
G34,18,1/3/20,B,1/14/20,N,,N,,1/29/20
G34,19,1/3/20,B,1/14/20,N,,N,,1/29/20
G34,20,1/3/20,B,1/14/20,N,,N,,1/29/20
G34,21,1/3/20,B,1/14/20,N,,N,,1/29/20
G34,22,1/3/20,B,1/14/20,N,,N,,1/29/20
G34,23,1/3/20,B,1/14/20,N,,N,,2/10/20
G34,24,1/3/20,B,1/14/20,N,,N,,2/10/20
G34,25,1/3/20,B,1/14/20,N,,N,,2/10/20
G34,26,1/3/20,B,1/14/20,N,,N,,
G34,27,1/3/20,B,1/14/20,N,,N,,
G34,28,1/3/20,B,1/14/20,N,,N,,
G34,29,1/3/20,B,1/14/20,N,,N,,
G34,30,1/3/20,B,1/14/20,N,,N,,
G33,1,1/3/20,A,1/14/20,N,,N,,2/10/20
G33,2,1/3/20,A,1/14/20,N,,N,,2/10/20
G33,3,1/3/20,A,1/14/20,N,,N,,2/10/20
G33,4,1/3/20,A,1/14/20,N,,N,,
G33,5,1/3/20,A,1/14/20,N,,N,,
G33,6,1/3/20,A,1/14/20,N,,N,,
G33,7,1/3/20,A,1/14/20,N,,N,,
G33,8,1/3/20,A,1/14/20,N,,N,,
G33,9,1/3/20,A,1/14/20,N,,N,,
G33,10,1/3/20,A,1/14/20,N,,N,,2/10/20
G33,11,1/3/20,A,1/14/20,N,,N,,
G33,12,1/3/20,A,1/14/20,N,,N,,
G33,13,1/3/20,A,1/14/20,N,,N,,
G33,14,1/3/20,A,1/14/20,N,,N,,
G33,15,1/3/20,A,1/14/20,N,,N,,
G33,16,1/3/20,B,1/14/20,N,,N,,
G33,17,1/3/20,B,1/14/20,N,,N,,
G33,18,1/3/20,B,1/14/20,N,,N,,
G33,19,1/3/20,B,1/14/20,N,,N,,
G33,20,1/3/20,B,1/14/20,N,,N,,
G33,21,1/3/20,B,1/14/20,N,,N,,
G33,22,1/3/20,B,1/14/20,N,,N,,
G33,23,1/3/20,B,1/14/20,N,,N,,
G33,24,1/3/20,B,1/14/20,N,,N,,
G33,25,1/3/20,B,1/14/20,N,,N,,
G33,26,1/3/20,B,1/14/20,N,,N,,
G33,27,1/3/20,B,1/14/20,N,,N,,
G33,28,1/3/20,B,1/14/20,N,,N,,
G33,29,1/3/20,B,1/14/20,N,,N,,
G33,30,1/3/20,B,1/14/20,N,,N,,
G32,1,1/3/20,A,1/14/20,N,,N,,
G32,2,1/3/20,A,1/14/20,N,,N,,
G32,3,1/3/20,A,1/14/20,N,,N,,
G32,4,1/3/20,A,1/14/20,N,,N,,
G32,5,1/3/20,A,1/14/20,N,,N,,
G32,6,1/3/20,A,1/14/20,N,,N,,
G32,7,1/3/20,A,1/14/20,N,,N,,
G32,8,1/3/20,A,1/14/20,N,,N,,
G32,9,1/3/20,A,1/14/20,N,,N,,
G32,10,1/3/20,A,1/14/20,N,,N,,2/10/20
G32,11,1/3/20,A,1/14/20,N,,N,,
G32,12,1/3/20,A,1/14/20,N,,N,,
G32,13,1/3/20,A,1/14/20,N,,N,,
G32,14,1/3/20,A,1/14/20,N,,N,,
G32,15,1/3/20,A,1/14/20,N,,N,,
G32,16,1/3/20,B,1/14/20,N,,N,mold,
G32,17,1/3/20,B,1/14/20,N,,N,mold,
G32,18,1/3/20,B,1/14/20,N,,N,mold,
G32,19,1/3/20,B,1/14/20,N,,N,1/29/20,1/29/20
G32,20,1/3/20,B,1/14/20,N,,N,mold,
G32,21,1/3/20,B,1/14/20,N,,N,mold,
G32,22,1/3/20,B,1/14/20,N,,N,1/29/20,1/29/20
G32,23,1/3/20,B,1/14/20,N,,N,mold,
G32,24,1/3/20,B,1/14/20,N,,N,mold,
G32,25,1/3/20,B,1/14/20,N,,N,1/29/20,1/29/20
G32,26,1/3/20,B,1/14/20,N,,N,mold,
G32,27,1/3/20,B,1/14/20,N,,N,mold,
G32,28,1/3/20,B,1/14/20,N,,N,1/29/20,1/29/20
G32,29,1/3/20,B,1/14/20,N,,N,mold,
G32,30,1/3/20,B,1/14/20,N,,N,mold,
G31,1,1/3/20,A,1/14/20,Y,NA,N,1/14/20,1/14/20
G31,2,1/3/20,A,1/14/20,N,,N,,
G31,3,1/3/20,A,1/14/20,Y,NA,N,1/14/20,1/16/20
G31,4,1/3/20,A,1/14/20,Y,NA,N,1/14/20,1/14/20
G31,5,1/3/20,A,1/14/20,Y,NA,N,1/14/20,1/14/20
G31,6,1/3/20,A,1/14/20,N,,N,,
G31,7,1/3/20,A,1/14/20,N,,N,,
G31,8,1/3/20,A,1/14/20,N,,N,,
G31,9,1/3/20,A,1/14/20,N,,N,,
G31,10,1/3/20,A,1/14/20,N,,N,,
G31,11,1/3/20,A,1/14/20,N,,N,,
G31,12,1/3/20,A,1/14/20,N,,N,,
G31,13,1/3/20,A,1/14/20,N,,N,,
G31,14,1/3/20,A,1/14/20,Y,NA,N,1/14/20,1/14/20
G31,15,1/3/20,A,1/14/20,Y,NA,N,1/14/20,1/14/20
G31,16,1/3/20,B,1/14/20,N,,N,,1/16/20
G31,17,1/3/20,B,1/14/20,N,,N,,1/16/20
G31,18,1/3/20,B,1/14/20,N,,N,,1/16/20
G31,19,1/3/20,B,1/14/20,N,,N,,1/16/20
G31,20,1/3/20,B,1/14/20,N,,N,,1/16/20
G31,21,1/3/20,B,1/14/20,N,,N,,1/16/20
G31,22,1/3/20,B,1/14/20,N,,N,,1/16/20
G31,23,1/3/20,B,1/14/20,N,,N,,
G31,24,1/3/20,B,1/14/20,N,,N,,
G31,25,1/3/20,B,1/14/20,N,,N,,
G31,26,1/3/20,B,1/14/20,Y,NA,N,1/14/20,
G31,27,1/3/20,B,1/14/20,N,,N,,
G31,28,1/3/20,B,1/14/20,N,,N,,
G31,29,1/3/20,B,1/14/20,Y,NA,N,1/14/20,
G31,30,1/3/20,B,1/14/20,N,,N,,
G29,1,1/3/20,A,1/14/20,N,,N,,1/21/20
G29,2,1/3/20,A,1/14/20,N,,N,,1/21/20
G29,3,1/3/20,A,1/14/20,N,,N,,
G29,4,1/3/20,A,1/14/20,N,,N,,1/21/20
G29,5,1/3/20,A,1/14/20,N,,N,,1/21/20
G29,6,1/3/20,A,1/14/20,N,,N,,1/21/20
G29,7,1/3/20,A,1/14/20,N,,N,,
G29,8,1/3/20,A,1/14/20,N,,N,,
G29,9,1/3/20,A,1/14/20,N,,N,,1/21/20
G29,10,1/3/20,A,1/14/20,N,,N,,1/16/20
G29,11,1/3/20,A,1/14/20,N,,N,,1/16/20
G29,12,1/3/20,A,1/14/20,N,,N,,1/16/20
G29,13,1/3/20,A,1/14/20,N,,N,,1/16/20
G29,14,1/3/20,A,1/14/20,Y,NA,N,1/14/20,1/16/20
G29,15,1/3/20,A,1/14/20,Y,NA,N,1/14/20,1/14/20
G29,16,1/3/20,B,1/14/20,Y,NA,N,1/14/20,1/14/20
G29,17,1/3/20,B,1/14/20,Y,NA,N,1/14/20,1/16/20
G29,18,1/3/20,B,1/14/20,Y,NA,N,1/14/20,1/14/20
G29,19,1/3/20,B,1/14/20,N,,N,,1/16/20
G29,20,1/3/20,B,1/14/20,Y,NA,N,1/14/20,1/16/20
G29,21,1/3/20,B,1/14/20,Y,NA,N,1/14/20,1/16/20
G29,22,1/3/20,B,1/14/20,N,,N,,1/21/20
G29,23,1/3/20,B,1/14/20,N,,N,,
G29,24,1/3/20,B,1/14/20,Y,NA,N,1/14/20,1/21/20
G29,25,1/3/20,B,1/14/20,N,,N,,1/21/20
G29,26,1/3/20,B,1/14/20,Y,NA,N,1/14/20,1/21/20
G29,27,1/3/20,B,1/14/20,Y,NA,N,1/14/20,1/14/20
G29,28,1/3/20,B,1/14/20,N,,N,,
G29,29,1/3/20,B,1/14/20,N,,N,,
G29,30,1/3/20,B,1/14/20,Y,NA,N,1/14/20,1/14/20
G28,1,1/3/20,A,1/14/20,N,,N,,1/16/20
G28,2,1/3/20,A,1/14/20,N,,N,,1/16/20
G28,3,1/3/20,A,1/14/20,N,,N,,1/16/20
G28,4,1/3/20,A,1/14/20,N,,N,,1/21/20
G28,5,1/3/20,A,1/14/20,N,,N,,
G28,6,1/3/20,A,1/14/20,N,,N,,
G28,7,1/3/20,A,1/14/20,N,,N,,1/21/20
G28,8,1/3/20,A,1/14/20,N,,N,,1/16/20
G28,9,1/3/20,A,1/14/20,Y,NA,N,1/14/20,1/16/20
G28,10,1/3/20,A,1/14/20,N,,N,,1/21/20
G28,11,1/3/20,A,1/14/20,N,,N,,1/21/20
G28,12,1/3/20,A,1/14/20,N,,N,,1/16/20
G28,13,1/3/20,A,1/14/20,N,,N,,1/21/20
G28,14,1/3/20,A,1/14/20,N,,N,,1/16/20
G28,15,1/3/20,A,1/14/20,N,,N,,1/21/20
G28,16,1/3/20,B,1/14/20,N,,N,,1/16/20
G28,17,1/3/20,B,1/14/20,N,,N,,1/16/20
G28,18,1/3/20,B,1/14/20,N,,N,,1/16/20
G28,19,1/3/20,B,1/14/20,N,,N,,1/16/20
G28,20,1/3/20,B,1/14/20,N,,N,,1/16/20
G28,21,1/3/20,B,1/14/20,Y,NA,N,1/14/20,1/21/20
G28,22,1/3/20,B,1/14/20,Y,NA,N,1/14/20,1/16/20
G28,23,1/3/20,B,1/14/20,N,,N,,1/16/20
G28,24,1/3/20,B,1/14/20,Y,NA,N,1/14/20,1/21/20
G28,25,1/3/20,B,1/14/20,N,,N,,1/21/20
G28,26,1/3/20,B,1/14/20,N,,N,,1/21/20
G28,27,1/3/20,B,1/14/20,Y,NA,N,1/14/20,1/14/20
G28,28,1/3/20,B,1/14/20,N,,N,,1/16/20
G28,29,1/3/20,B,1/14/20,N,,N,,1/16/20
G28,30,1/3/20,B,1/14/20,N,,N,,1/21/20
G27,1,1/3/20,A,1/14/20,N,,N,,
G27,2,1/3/20,A,1/14/20,Y,NA,N,1/14/20,
G27,3,1/3/20,A,1/14/20,Y,NA,N,1/14/20,1/14/20
G27,4,1/3/20,A,1/14/20,N,,N,,
G27,5,1/3/20,A,1/14/20,Y,NA,N,1/14/20,1/21/20
G27,6,1/3/20,A,1/14/20,N,,N,,
G27,7,1/3/20,A,1/14/20,Y,NA,N,1/14/20,1/14/20
G27,8,1/3/20,A,1/14/20,N,,N,,
G27,9,1/3/20,A,1/14/20,N,,N,,
G27,10,1/3/20,A,1/14/20,N,,N,,
G27,11,1/3/20,A,1/14/20,Y,NA,N,1/14/20,1/14/20
G27,12,1/3/20,A,1/14/20,N,,N,,
G27,13,1/3/20,A,1/14/20,Y,NA,N,1/14/20,1/14/20
G27,14,1/3/20,A,1/14/20,Y,NA,N,1/14/20,1/14/20
G27,15,1/3/20,A,1/14/20,Y,NA,N,1/14/20,1/14/20
G27,16,1/3/20,B,1/14/20,N,,N,1/21/20,1/21/20
G27,17,1/3/20,B,1/14/20,Y,NA,N,1/14/20,1/14/20
G27,18,1/3/20,B,1/14/20,N,,N,1/21/20,1/21/20
G27,19,1/3/20,B,1/14/20,N,,N,1/21/20,1/21/20
G27,20,1/3/20,B,1/14/20,N,,N,1/21/20,1/21/20
G27,21,1/3/20,B,1/14/20,N,,N,1/21/20,1/21/20
G27,22,1/3/20,B,1/14/20,Y,NA,N,1/14/20,1/14/20
G27,23,1/3/20,B,1/14/20,N,,N,1/21/20,1/21/20
G27,24,1/3/20,B,1/14/20,N,,N,1/21/20,1/21/20
G27,25,1/3/20,B,1/14/20,N,,N,1/21/20,1/21/20
G27,26,1/3/20,B,1/14/20,N,,N,1/21/20,1/21/20
G27,27,1/3/20,B,1/14/20,N,,N,1/21/20,1/21/20
G27,28,1/3/20,B,1/14/20,N,,N,1/21/20,1/21/20
G27,29,1/3/20,B,1/14/20,N,,N,1/21/20,1/21/20
G27,30,1/3/20,B,1/14/20,N,,N,,
G26,1,1/3/20,A,1/14/20,Y,NA,N,1/14/20,1/16/20
G26,2,1/3/20,A,1/14/20,,,N,,1/16/20
G26,3,1/3/20,A,1/14/20,Y,NA,N,1/14/20,1/14/20
G26,4,1/3/20,A,1/14/20,,,N,,1/16/20
G26,5,1/3/20,A,1/14/20,,,N,,
G26,6,1/3/20,A,1/14/20,,,N,,
G26,7,1/3/20,A,1/14/20,Y,NA,N,1/14/20,1/14/20
G26,8,1/3/20,A,1/14/20,Y,NA,N,1/14/20,1/14/20
G26,9,1/3/20,A,1/14/20,,,N,,
G26,10,1/3/20,A,1/14/20,,,N,,1/16/20
G26,11,1/3/20,A,1/14/20,Y,NA,N,1/14/20,1/14/20
G26,12,1/3/20,A,1/14/20,Y,NA,N,1/14/20,1/14/20
G26,13,1/3/20,A,1/14/20,,,N,,1/29/20
G26,14,1/3/20,A,1/14/20,Y,NA,N,1/14/20,1/14/20
G26,15,1/3/20,A,1/14/20,Y,NA,N,1/14/20,1/14/20
G26,16,1/3/20,B,1/14/20,Y,NA,N,1/14/20,
G26,17,1/3/20,B,1/14/20,,,N,,
G26,18,1/3/20,B,1/14/20,Y,NA,N,1/14/20,1/14/20
G26,19,1/3/20,B,1/14/20,,,N,,1/16/20
G26,20,1/3/20,B,1/14/20,,,N,,
G26,21,1/3/20,B,1/14/20,,,N,,
G26,22,1/3/20,B,1/14/20,,,N,,
G26,23,1/3/20,B,1/14/20,Y,NA,N,1/14/20,1/14/20
G26,24,1/3/20,B,1/14/20,,,N,,
G26,25,1/3/20,B,1/14/20,Y,NA,N,1/14/20,1/14/20
G26,26,1/3/20,B,1/14/20,,,N,,
G26,27,1/3/20,B,1/14/20,Y,NA,N,1/14/20,1/14/20
G26,28,1/3/20,B,1/14/20,,,N,,
G26,29,1/3/20,B,1/14/20,Y,NA,N,1/14/20,1/14/20
G26,30,1/3/20,B,1/14/20,Y,NA,N,1/14/20,1/14/20
G25,1,1/3/20,A,1/14/20,N,,N,,1/28/20
G25,2,1/3/20,A,1/14/20,N,,N,,1/28/20
G25,3,1/3/20,A,1/14/20,N,,N,,1/28/20
G25,4,1/3/20,A,1/14/20,N,,N,,1/28/20
G25,5,1/3/20,A,1/14/20,N,,N,,1/28/20
G25,6,1/3/20,A,1/14/20,N,,N,,
G25,7,1/3/20,A,1/14/20,N,,N,,
G25,8,1/3/20,A,1/14/20,N,,N,,
G25,9,1/3/20,A,1/14/20,N,,N,,
G25,10,1/3/20,A,1/14/20,N,,N,,
G25,11,1/3/20,A,1/14/20,N,,N,,
G25,12,1/3/20,A,1/14/20,N,,N,,
G25,13,1/3/20,A,1/14/20,N,,N,,
G25,14,1/3/20,A,1/14/20,N,,N,,
G25,15,1/3/20,A,1/14/20,N,,N,,1/29/20
G25,16,1/3/20,B,1/14/20,N,,N,,
G25,17,1/3/20,B,1/14/20,N,,N,,
G25,18,1/3/20,B,1/14/20,N,,N,,
G25,19,1/3/20,B,1/14/20,N,,N,,2/10/20
G25,20,1/3/20,B,1/14/20,N,,N,,
G25,21,1/3/20,B,1/14/20,N,,N,,1/29/20
G25,22,1/3/20,B,1/14/20,N,,N,,
G25,23,1/3/20,B,1/14/20,N,,N,,
G25,24,1/3/20,B,1/14/20,N,,N,,
G25,25,1/3/20,B,1/14/20,N,,N,,1/29/20
G25,26,1/3/20,B,1/14/20,N,,N,,2/10/20
G25,27,1/3/20,B,1/14/20,N,,N,,2/10/20
G25,28,1/3/20,B,1/14/20,N,,N,,
G25,29,1/3/20,B,1/14/20,N,,N,,1/29/20
G25,30,1/3/20,B,1/14/20,N,,N,,
G24,1,12/30/19,A,1/6/20,N,1/6/20,Y,,
G24,2,12/30/19,A,1/6/20,N,1/6/20,Y,1/13/20,1/13/20
G24,3,12/30/19,A,1/6/20,N,1/6/20,Y,1/13/20,1/13/20
G24,4,12/30/19,A,1/6/20,N,1/6/20,Y,1/13/20,1/13/20
G24,5,12/30/19,A,1/6/20,N,1/6/20,Y,1/13/20,
G24,6,12/30/19,A,1/6/20,N,1/6/20,Y,,
G24,7,12/30/19,A,1/6/20,N,1/6/20,Y,1/13/20,
G24,8,12/30/19,A,1/6/20,N,1/6/20,Y,1/13/20,
G24,9,12/30/19,A,1/6/20,N,1/6/20,Y,1/13/20,
G24,10,12/30/19,A,1/6/20,N,1/6/20,Y,1/13/20,1/13/20
G24,11,12/30/19,A,1/6/20,N,1/6/20,Y,1/13/20,
G24,12,12/30/19,A,1/6/20,N,1/6/20,Y,1/13/20,
G24,13,12/30/19,A,1/6/20,N,1/6/20,Y,,
G24,14,12/30/19,A,1/6/20,N,1/6/20,Y,,
G24,15,12/30/19,A,1/6/20,N,1/6/20,Y,,
G24,16,12/30/19,B,1/6/20,N,1/6/20,Y,1/13/20,
G24,17,12/30/19,B,1/6/20,N,1/6/20,Y,1/13/20,
G24,18,12/30/19,B,1/6/20,N,1/6/20,Y,1/13/20,
G24,19,12/30/19,B,1/6/20,N,1/6/20,Y,1/13/20,
G24,20,12/30/19,B,1/6/20,N,1/6/20,Y,1/13/20,
G24,21,12/30/19,B,1/6/20,N,1/6/20,Y,1/13/20,1/13/20
G24,22,12/30/19,B,1/6/20,N,1/6/20,Y,1/13/20,1/13/20
G24,23,12/30/19,B,1/6/20,N,1/6/20,Y,1/13/20,
G24,24,12/30/19,B,1/6/20,N,1/6/20,Y,1/13/20,
G24,25,12/30/19,B,1/6/20,N,1/6/20,Y,1/13/20,
G24,26,12/30/19,B,1/6/20,N,1/6/20,Y,1/13/20,
G24,27,12/30/19,B,1/6/20,N,1/6/20,Y,1/13/20,
G24,28,12/30/19,B,1/6/20,N,1/6/20,Y,1/13/20,1/13/20
G24,29,12/30/19,B,1/6/20,N,1/6/20,Y,1/13/20,
G24,30,12/30/19,B,1/6/20,N,1/6/20,Y,1/13/20,
G22,1,12/30/19,A,1/6/20,N,1/6/20,Y,1/8/20,
G22,2,12/30/19,A,1/6/20,N,1/6/20,Y,1/8/20,
G22,3,12/30/19,A,1/6/20,N,1/6/20,Y,1/8/20,
G22,4,12/30/19,A,1/6/20,N,1/6/20,Y,1/8/20,1/10/20
G22,5,12/30/19,A,1/6/20,N,1/6/20,Y,1/8/20,1/10/20
G22,6,12/30/19,A,1/6/20,N,1/6/20,Y,1/8/20,1/10/20
G22,7,12/30/19,A,1/6/20,N,1/6/20,Y,1/8/20,1/10/20
G22,8,12/30/19,A,1/6/20,N,1/6/20,Y,1/8/20,1/10/20
G22,9,12/30/19,A,1/6/20,N,1/6/20,Y,1/8/20,1/10/20
G22,10,12/30/19,A,1/6/20,N,1/6/20,Y,1/8/20,1/10/20
G22,11,12/30/19,A,1/6/20,N,1/6/20,Y,1/8/20,1/10/20
G22,12,12/30/19,A,1/6/20,N,1/6/20,Y,1/8/20,1/10/20
G22,13,12/30/19,A,1/6/20,N,1/6/20,Y,1/8/20,1/10/20
G22,14,12/30/19,A,1/6/20,N,1/6/20,Y,1/8/20,1/10/20
G22,15,12/30/19,A,1/6/20,N,1/6/20,Y,1/8/20,1/10/20
G22,16,12/30/19,B,1/6/20,N,1/6/20,Y,1/8/20,1/10/20
G22,17,12/30/19,B,1/6/20,N,1/6/20,Y,1/8/20,1/10/20
G22,18,12/30/19,B,1/6/20,N,1/6/20,Y,1/8/20,1/10/20
G22,19,12/30/19,B,1/6/20,N,1/6/20,Y,1/8/20,1/10/20
G22,20,12/30/19,B,1/6/20,N,1/6/20,Y,1/8/20,1/10/20
G22,21,12/30/19,B,1/6/20,N,1/6/20,Y,1/8/20,1/10/20
G22,22,12/30/19,B,1/6/20,N,1/6/20,Y,1/8/20,1/10/20
G22,23,12/30/19,B,1/6/20,N,1/6/20,Y,1/8/20,1/10/20
G22,24,12/30/19,B,1/6/20,N,1/6/20,Y,1/8/20,1/10/20
G22,25,12/30/19,B,1/6/20,N,1/6/20,Y,1/8/20,1/10/20
G22,26,12/30/19,B,1/6/20,N,1/6/20,Y,1/8/20,1/10/20
G22,27,12/30/19,B,1/6/20,N,1/6/20,Y,1/8/20,1/10/20
G22,28,12/30/19,B,1/6/20,N,1/6/20,Y,1/8/20,1/10/20
G22,29,12/30/19,B,1/6/20,N,1/6/20,Y,1/8/20,1/10/20
G22,30,12/30/19,B,1/6/20,N,1/6/20,Y,1/8/20,1/10/20
G20,1,12/30/19,A,1/6/20,N,1/6/20,Y,1/8/20,1/10/20
G20,2,12/30/19,A,1/6/20,N,1/6/20,Y,1/8/20,1/10/20
G20,3,12/30/19,A,1/6/20,N,1/6/20,Y,1/8/20,1/10/20
G20,4,12/30/19,A,1/6/20,N,1/6/20,Y,1/8/20,1/10/20
G20,5,12/30/19,A,1/6/20,N,1/6/20,Y,1/8/20,1/10/20
G20,6,12/30/19,A,1/6/20,N,1/6/20,Y,1/8/20,1/10/20
G20,7,12/30/19,A,1/6/20,N,1/6/20,Y,1/8/20,1/10/20
G20,8,12/30/19,A,1/6/20,N,1/6/20,Y,1/8/20,1/10/20
G20,9,12/30/19,A,1/6/20,N,1/6/20,Y,1/8/20,1/10/20
G20,10,12/30/19,A,1/6/20,N,1/6/20,Y,1/8/20,1/10/20
G20,11,12/30/19,A,1/6/20,N,1/6/20,Y,1/8/20,1/10/20
G20,12,12/30/19,A,1/6/20,N,1/6/20,Y,1/8/20,1/10/20
G20,13,12/30/19,A,1/6/20,N,1/6/20,Y,1/8/20,1/10/20
G20,14,12/30/19,A,1/6/20,N,1/6/20,Y,1/8/20,1/10/20
G20,15,12/30/19,A,1/6/20,N,1/6/20,Y,1/8/20,1/10/20
G20,16,12/30/19,B,1/6/20,N,1/6/20,Y,1/8/20,1/10/20
G20,17,12/30/19,B,1/6/20,N,1/6/20,Y,1/8/20,1/10/20
G20,18,12/30/19,B,1/6/20,N,1/6/20,Y,1/8/20,1/10/20
G20,19,12/30/19,B,1/6/20,N,1/6/20,Y,1/8/20,1/10/20
G20,20,12/30/19,B,1/6/20,N,1/6/20,Y,1/8/20,1/10/20
G20,21,12/30/19,B,1/6/20,N,1/6/20,Y,1/8/20,1/10/20
G20,22,12/30/19,B,1/6/20,N,1/6/20,Y,1/8/20,1/10/20
G20,23,12/30/19,B,1/6/20,N,1/6/20,Y,1/8/20,1/10/20
G20,24,12/30/19,B,1/6/20,N,1/6/20,Y,1/8/20,1/10/20
G20,25,12/30/19,B,1/6/20,N,1/6/20,Y,1/8/20,1/10/20
G20,26,12/30/19,B,1/6/20,N,1/6/20,Y,1/8/20,1/10/20
G20,27,12/30/19,B,1/6/20,N,1/6/20,Y,1/8/20,1/10/20
G20,28,12/30/19,B,1/6/20,N,1/6/20,Y,1/8/20,1/10/20
G20,29,12/30/19,B,1/6/20,N,1/6/20,Y,1/8/20,1/10/20
G20,30,12/30/19,B,1/6/20,N,1/6/20,Y,1/8/20,1/10/20
G18,1,12/30/19,A,1/6/20,N,1/6/20,Y,1/8/20,1/8/20
G18,2,12/30/19,A,1/6/20,N,1/6/20,Y,1/8/20,1/8/20
G18,3,12/30/19,A,1/6/20,N,1/6/20,Y,1/8/20,1/8/20
G18,4,12/30/19,A,1/6/20,N,1/6/20,Y,1/8/20,1/8/20
G18,5,12/30/19,A,1/6/20,N,1/6/20,Y,1/8/20,1/8/20
G18,6,12/30/19,A,1/6/20,Y,NA,N,1/6/20,1/8/20
G18,7,12/30/19,A,1/6/20,Y,NA,N,1/6/20,1/8/20
G18,8,12/30/19,A,1/6/20,N,1/6/20,Y,1/8/20,1/8/20
G18,9,12/30/19,A,1/6/20,N,1/6/20,Y,1/8/20,1/8/20
G18,10,12/30/19,A,1/6/20,N,1/6/20,Y,1/8/20,1/8/20
G18,11,12/30/19,A,1/6/20,N,1/6/20,Y,1/8/20,1/8/20
G18,12,12/30/19,A,1/6/20,N,1/6/20,Y,1/8/20,1/8/20
G18,13,12/30/19,A,1/6/20,N,1/6/20,Y,1/8/20,1/8/20
G18,14,12/30/19,A,1/6/20,N,1/6/20,Y,1/8/20,1/8/20
G18,15,12/30/19,A,1/6/20,N,1/6/20,Y,,
G18,16,12/30/19,B,1/6/20,Y,NA,N,1/6/20,1/8/20
G18,17,12/30/19,B,1/6/20,,,N,1/8/20,1/8/20
G18,18,12/30/19,B,1/6/20,Y,NA,N,1/6/20,1/6/20
G18,19,12/30/19,B,1/6/20,,,N,1/10/20,1/10/20
G18,20,12/30/19,B,1/6/20,Y,NA,N,1/6/20,1/8/20
G18,21,12/30/19,B,1/6/20,,,N,1/10/20,1/10/20
G18,22,12/30/19,B,1/6/20,,,N,1/8/20,1/8/20
G18,23,12/30/19,B,1/6/20,,,N,1/16/20,1/16/20
G18,24,12/30/19,B,1/6/20,,,N,,
G18,25,12/30/19,B,1/6/20,,,N,1/16/20,1/16/20
G18,26,12/30/19,B,1/6/20,,,N,1/10/20,1/10/20
G18,27,12/30/19,B,1/6/20,,,N,,
G18,28,12/30/19,B,1/6/20,,,N,1/8/20,1/8/20
G18,29,12/30/19,B,1/6/20,,,N,1/16/20,1/16/20
G18,30,12/30/19,B,1/6/20,,,N,,
G17,1,12/30/19,A,1/6/20,N,1/6/20,Y,1/8/20,1/10/20
G17,2,12/30/19,A,1/6/20,N,1/6/20,Y,1/8/20,1/10/20
G17,3,12/30/19,A,1/6/20,N,1/6/20,Y,1/8/20,1/10/20
G17,4,12/30/19,A,1/6/20,N,1/6/20,Y,1/8/20,1/10/20
G17,5,12/30/19,A,1/6/20,N,1/6/20,Y,1/8/20,1/10/20
G17,6,12/30/19,A,1/6/20,N,1/6/20,Y,1/8/20,1/10/20
G17,7,12/30/19,A,1/6/20,N,1/6/20,Y,1/8/20,1/10/20
G17,8,12/30/19,A,1/6/20,N,1/6/20,Y,1/8/20,1/10/20
G17,9,12/30/19,A,1/6/20,N,1/6/20,Y,1/8/20,1/10/20
G17,10,12/30/19,A,1/6/20,N,1/6/20,Y,1/8/20,1/10/20
G17,11,12/30/19,A,1/6/20,N,1/6/20,Y,1/8/20,1/10/20
G17,12,12/30/19,A,1/6/20,N,1/6/20,Y,1/8/20,1/10/20
G17,13,12/30/19,A,1/6/20,N,1/6/20,Y,1/8/20,1/10/20
G17,14,12/30/19,A,1/6/20,N,1/6/20,Y,1/8/20,1/10/20
G17,15,12/30/19,A,1/6/20,N,1/6/20,Y,1/8/20,1/10/20
G17,16,12/30/19,B,1/6/20,N,1/6/20,Y,1/8/20,1/10/20
G17,17,12/30/19,B,1/6/20,N,1/6/20,Y,1/8/20,1/10/20
G17,18,12/30/19,B,1/6/20,N,1/6/20,Y,1/8/20,1/10/20
G17,19,12/30/19,B,1/6/20,N,1/6/20,Y,1/8/20,1/10/20
G17,20,12/30/19,B,1/6/20,N,1/6/20,Y,1/8/20,1/10/20
G17,21,12/30/19,B,1/6/20,N,1/6/20,Y,1/8/20,1/10/20
G17,22,12/30/19,B,1/6/20,N,1/6/20,Y,1/8/20,1/10/20
G17,23,12/30/19,B,1/6/20,N,1/6/20,Y,1/8/20,1/10/20
G17,24,12/30/19,B,1/6/20,N,1/6/20,Y,1/8/20,1/10/20
G17,25,12/30/19,B,1/6/20,N,1/6/20,Y,1/8/20,1/10/20
G17,26,12/30/19,B,1/6/20,N,1/6/20,Y,1/8/20,1/10/20
G17,27,12/30/19,B,1/6/20,N,1/6/20,Y,1/8/20,1/10/20
G17,28,12/30/19,B,1/6/20,N,1/6/20,Y,1/8/20,1/10/20
G17,29,12/30/19,B,1/6/20,N,1/6/20,Y,1/8/20,1/10/20
G17,30,12/30/19,B,1/6/20,N,1/6/20,Y,1/8/20,
G16,1,12/30/19,A,1/6/20,N,1/6/20,Y,1/8/20,1/10/20
G16,2,12/30/19,A,1/6/20,N,1/6/20,Y,1/8/20,1/10/20
G16,3,12/30/19,A,1/6/20,N,1/6/20,Y,1/8/20,1/10/20
G16,4,12/30/19,A,1/6/20,N,1/6/20,Y,1/8/20,
G16,5,12/30/19,A,1/6/20,N,1/6/20,Y,1/8/20,
G16,6,12/30/19,A,1/6/20,N,1/6/20,Y,1/8/20,
G16,7,12/30/19,A,1/6/20,N,1/6/20,Y,1/8/20,1/10/20
G16,8,12/30/19,A,1/6/20,N,1/6/20,Y,1/8/20,
G16,9,12/30/19,A,1/6/20,N,1/6/20,Y,1/8/20,1/10/20
G16,10,12/30/19,A,1/6/20,N,1/6/20,Y,1/8/20,1/10/20
G16,11,12/30/19,A,1/6/20,N,1/6/20,Y,1/8/20,
G16,12,12/30/19,A,1/6/20,N,1/6/20,Y,1/8/20,1/10/20
G16,13,12/30/19,A,1/6/20,N,1/6/20,Y,1/8/20,
G16,14,12/30/19,A,1/6/20,N,1/6/20,Y,1/8/20,
G16,15,12/30/19,A,1/6/20,N,1/6/20,Y,1/8/20,
G16,16,12/30/19,B,1/6/20,N,1/6/20,Y,1/8/20,1/10/20
G16,17,12/30/19,B,1/6/20,N,1/6/20,Y,1/8/20,1/10/20
G16,18,12/30/19,B,1/6/20,N,1/6/20,Y,1/8/20,
G16,19,12/30/19,B,1/6/20,N,1/6/20,Y,1/8/20,1/10/20
G16,20,12/30/19,B,1/6/20,N,1/6/20,Y,1/8/20,1/10/20
G16,21,12/30/19,B,1/6/20,N,1/6/20,Y,1/8/20,
G16,22,12/30/19,B,1/6/20,N,1/6/20,Y,1/8/20,1/13/20
G16,23,12/30/19,B,1/6/20,N,1/6/20,Y,1/8/20,1/10/20
G16,24,12/30/19,B,1/6/20,N,1/6/20,Y,1/8/20,1/10/20
G16,25,12/30/19,B,1/6/20,N,1/6/20,Y,1/8/20,1/10/20
G16,26,12/30/19,B,1/6/20,N,1/6/20,Y,1/8/20,1/13/20
G16,27,12/30/19,B,1/6/20,N,1/6/20,Y,1/8/20,1/13/20
G16,28,12/30/19,B,1/6/20,N,1/6/20,Y,1/8/20,1/10/20
G16,29,12/30/19,B,1/6/20,N,1/6/20,Y,1/8/20,1/10/20
G16,30,12/30/19,B,1/6/20,N,1/6/20,Y,1/8/20,
G15,1,12/30/19,A,1/6/20,N,1/6/20,Y,1/10/20,1/10/20
G15,2,12/30/19,A,1/6/20,N,1/6/20,Y,1/8/20,1/10/20
G15,3,12/30/19,A,1/6/20,N,1/6/20,Y,1/8/20,1/10/20
G15,4,12/30/19,A,1/6/20,N,1/6/20,Y,1/8/20,1/10/20
G15,5,12/30/19,A,1/6/20,N,1/6/20,Y,1/8/20,1/10/20
G15,6,12/30/19,A,1/6/20,N,1/6/20,Y,1/10/20,1/10/20
G15,7,12/30/19,A,1/6/20,N,1/6/20,Y,1/10/20,1/10/20
G15,8,12/30/19,A,1/6/20,N,1/6/20,Y,1/8/20,1/10/20
G15,9,12/30/19,A,1/6/20,N,1/6/20,Y,1/8/20,1/10/20
G15,10,12/30/19,A,1/6/20,N,1/6/20,Y,1/8/20,1/10/20
G15,11,12/30/19,A,1/6/20,N,1/6/20,Y,1/8/20,1/10/20
G15,12,12/30/19,A,1/6/20,N,1/6/20,Y,,
G15,13,12/30/19,A,1/6/20,N,1/6/20,Y,1/8/20,1/10/20
G15,14,12/30/19,A,1/6/20,N,1/6/20,Y,1/8/20,1/10/20
G15,15,12/30/19,A,1/6/20,N,1/6/20,Y,1/8/20,1/10/20
G15,16,12/30/19,B,1/6/20,N,1/6/20,Y,,
G15,17,12/30/19,B,1/6/20,N,1/6/20,Y,1/10/20,1/10/20
G15,18,12/30/19,B,1/6/20,N,1/6/20,Y,1/8/20,1/10/20
G15,19,12/30/19,B,1/6/20,N,1/6/20,Y,1/8/20,1/10/20
G15,20,12/30/19,B,1/6/20,N,1/6/20,Y,1/8/20,1/10/20
G15,21,12/30/19,B,1/6/20,N,1/6/20,Y,1/8/20,1/10/20
G15,22,12/30/19,B,1/6/20,N,1/6/20,Y,,1/10/20
G15,23,12/30/19,B,1/6/20,N,1/6/20,Y,,1/10/20
G15,24,12/30/19,B,1/6/20,N,1/6/20,Y,1/8/20,1/10/20
G15,25,12/30/19,B,1/6/20,N,1/6/20,Y,,1/10/20
G15,26,12/30/19,B,1/6/20,N,1/6/20,Y,1/8/20,1/10/20
G15,27,12/30/19,B,1/6/20,N,1/6/20,Y,1/8/20,1/10/20
G15,28,12/30/19,B,1/6/20,N,1/6/20,Y,1/8/20,1/10/20
G15,29,12/30/19,B,1/6/20,N,1/6/20,Y,1/8/20,
G15,30,12/30/19,B,1/6/20,N,1/6/20,Y,,
G14,1,12/30/19,A,1/6/20,N,1/6/20,Y,1/8/20,1/10/20
G14,2,12/30/19,A,1/6/20,N,1/6/20,Y,1/8/20,1/10/20
G14,3,12/30/19,A,1/6/20,N,1/6/20,Y,1/8/20,1/10/20
G14,4,12/30/19,A,1/6/20,N,1/6/20,Y,1/8/20,1/10/20
G14,5,12/30/19,A,1/6/20,N,1/6/20,Y,1/8/20,1/10/20
G14,6,12/30/19,A,1/6/20,N,1/6/20,Y,1/8/20,1/10/20
G14,7,12/30/19,A,1/6/20,N,1/6/20,Y,1/8/20,1/10/20
G14,8,12/30/19,A,1/6/20,N,1/6/20,Y,1/8/20,1/10/20
G14,9,12/30/19,A,1/6/20,N,1/6/20,Y,1/8/20,1/10/20
G14,10,12/30/19,A,1/6/20,N,1/6/20,Y,1/8/20,1/10/20
G14,11,12/30/19,A,1/6/20,N,1/6/20,Y,1/8/20,1/10/20
G14,12,12/30/19,A,1/6/20,N,1/6/20,Y,1/8/20,1/10/20
G14,13,12/30/19,A,1/6/20,N,1/6/20,Y,1/8/20,1/10/20
G14,14,12/30/19,A,1/6/20,N,1/6/20,Y,1/8/20,1/10/20
G14,15,12/30/19,A,1/6/20,N,1/6/20,Y,1/8/20,1/10/20
G14,16,12/30/19,B,1/6/20,N,1/6/20,Y,1/8/20,1/10/20
G14,17,12/30/19,B,1/6/20,N,1/6/20,Y,1/8/20,1/10/20
G14,18,12/30/19,B,1/6/20,N,1/6/20,Y,1/8/20,1/10/20
G14,19,12/30/19,B,1/6/20,N,1/6/20,Y,1/8/20,1/10/20
G14,20,12/30/19,B,1/6/20,N,1/6/20,Y,1/8/20,1/10/20
G14,21,12/30/19,B,1/6/20,N,1/6/20,Y,1/8/20,1/10/20
G14,22,12/30/19,B,1/6/20,N,1/6/20,Y,1/8/20,1/10/20
G14,23,12/30/19,B,1/6/20,N,1/6/20,Y,1/8/20,1/10/20
G14,24,12/30/19,B,1/6/20,N,1/6/20,Y,1/8/20,1/10/20
G14,25,12/30/19,B,1/6/20,N,1/6/20,Y,1/8/20,1/10/20
G14,26,12/30/19,B,1/6/20,N,1/6/20,Y,1/8/20,1/10/20
G14,27,12/30/19,B,1/6/20,N,1/6/20,Y,1/8/20,1/10/20
G14,28,12/30/19,B,1/6/20,N,1/6/20,Y,1/8/20,1/10/20
G14,29,12/30/19,B,1/6/20,N,1/6/20,Y,1/8/20,1/10/20
G14,30,12/30/19,B,1/6/20,N,1/6/20,Y,1/8/20,1/10/20
G08,1,12/30/19,A,1/6/20,N,1/6/20,Y,1/8/20,1/10/20
G08,2,12/30/19,A,1/6/20,N,1/6/20,Y,1/8/20,
G08,3,12/30/19,A,1/6/20,N,1/6/20,Y,1/8/20,1/10/20
G08,4,12/30/19,A,1/6/20,N,1/6/20,Y,1/8/20,1/10/20
G08,5,12/30/19,A,1/6/20,N,1/6/20,Y,1/8/20,1/10/20
G08,6,12/30/19,A,1/6/20,N,1/6/20,Y,1/8/20,1/10/20
G08,7,12/30/19,A,1/6/20,N,1/6/20,Y,1/8/20,1/10/20
G08,8,12/30/19,A,1/6/20,N,1/6/20,Y,1/8/20,1/10/20
G08,9,12/30/19,A,1/6/20,N,1/6/20,Y,1/8/20,1/10/20
G08,10,12/30/19,A,1/6/20,N,1/6/20,Y,1/8/20,1/10/20
G08,11,12/30/19,A,1/6/20,N,1/6/20,Y,1/8/20,1/10/20
G08,12,12/30/19,A,1/6/20,N,1/6/20,Y,1/8/20,1/10/20
G08,13,12/30/19,A,1/6/20,N,1/6/20,Y,1/8/20,1/10/20
G08,14,12/30/19,A,1/6/20,N,1/6/20,Y,1/8/20,
G08,15,12/30/19,A,1/6/20,N,1/6/20,Y,1/8/20,
G08,16,12/30/19,B,1/6/20,N,1/6/20,Y,1/8/20,1/10/20
G08,17,12/30/19,B,1/6/20,N,1/6/20,Y,1/8/20,1/10/20
G08,18,12/30/19,B,1/6/20,N,1/6/20,Y,1/8/20,1/10/20
G08,19,12/30/19,B,1/6/20,N,1/6/20,Y,1/8/20,1/10/20
G08,20,12/30/19,B,1/6/20,N,1/6/20,Y,1/8/20,1/10/20
G08,21,12/30/19,B,1/6/20,N,1/6/20,Y,1/8/20,1/10/20
G08,22,12/30/19,B,1/6/20,N,1/6/20,Y,1/8/20,1/10/20
G08,23,12/30/19,B,1/6/20,N,1/6/20,Y,1/8/20,1/10/20
G08,24,12/30/19,B,1/6/20,N,1/6/20,Y,1/8/20,1/10/20
G08,25,12/30/19,B,1/6/20,N,1/6/20,Y,1/8/20,1/10/20
G08,26,12/30/19,B,1/6/20,N,1/6/20,Y,1/8/20,1/10/20
G08,27,12/30/19,B,1/6/20,N,1/6/20,Y,1/8/20,1/10/20
G08,28,12/30/19,B,1/6/20,N,1/6/20,Y,1/8/20,1/10/20
G08,29,12/30/19,B,1/6/20,N,1/6/20,Y,1/8/20,1/10/20
G08,30,12/30/19,B,1/6/20,N,1/6/20,Y,1/8/20,1/10/20
G06,1,12/30/19,A,1/6/20,Y,NA,N,1/6/20,1/8/20
G06,2,12/30/19,A,1/6/20,N,1/6/20,Y,,
G06,3,12/30/19,A,1/6/20,Y,NA,N,1/6/20,1/6/20
G06,4,12/30/19,A,1/6/20,N,1/6/20,Y,,
G06,5,12/30/19,A,1/6/20,N,1/6/20,Y,1/8/20,1/8/20
G06,6,12/30/19,A,1/6/20,Y,NA,N,1/6/20,1/8/20
G06,7,12/30/19,A,1/6/20,N,1/6/20,Y,1/10/20,1/10/20
G06,8,12/30/19,A,1/6/20,N,1/6/20,Y,1/8/20,1/8/20
G06,9,12/30/19,A,1/6/20,Y,NA,N,1/6/20,1/8/20
G06,10,12/30/19,A,1/6/20,Y,NA,N,1/6/20,1/6/20
G06,11,12/30/19,A,1/6/20,Y,NA,N,1/6/20,1/8/20
G06,12,12/30/19,A,1/6/20,N,1/6/20,Y,1/10/20,1/10/20
G06,13,12/30/19,A,1/6/20,N,1/6/20,Y,1/16/20,1/16/20
G06,14,12/30/19,A,1/6/20,N,1/6/20,Y,,
G06,15,12/30/19,A,1/6/20,Y,NA,N,1/6/20,1/8/20
G06,16,12/30/19,B,1/6/20,N,1/6/20,Y,,
G06,17,12/30/19,B,1/6/20,Y,NA,N,1/6/20,1/8/20
G06,18,12/30/19,B,1/6/20,N,1/6/20,Y,,
G06,19,12/30/19,B,1/6/20,N,1/6/20,Y,,
G06,20,12/30/19,B,1/6/20,Y,NA,N,1/6/20,1/8/20
G06,21,12/30/19,B,1/6/20,Y,NA,N,1/6/20,1/8/20
G06,22,12/30/19,B,1/6/20,N,1/6/20,Y,,
G06,23,12/30/19,B,1/6/20,N,1/6/20,Y,,
G06,24,12/30/19,B,1/6/20,N,1/6/20,Y,,
G06,25,12/30/19,B,1/6/20,N,1/6/20,Y,1/16/20,1/16/20
G06,26,12/30/19,B,1/6/20,Y,NA,N,1/6/20,1/6/20
G06,27,12/30/19,B,1/6/20,N,1/6/20,Y,1/8/20,1/8/20
G06,28,12/30/19,B,1/6/20,N,1/6/20,Y,,
G06,29,12/30/19,B,1/6/20,N,1/6/20,Y,,
G06,30,12/30/19,B,1/6/20,N,1/6/20,Y,1/8/20,1/8/20
G03,1,12/30/19,A,1/6/20,N,1/6/20,Y,1/8/20,1/10/20
G03,2,12/30/19,A,1/6/20,N,1/6/20,Y,1/8/20,1/10/20
G03,3,12/30/19,A,1/6/20,N,1/6/20,Y,1/10/20,1/10/20
G03,4,12/30/19,A,1/6/20,N,1/6/20,Y,1/8/20,1/10/20
G03,5,12/30/19,A,1/6/20,N,1/6/20,Y,1/8/20,1/10/20
G03,6,12/30/19,A,1/6/20,N,1/6/20,Y,1/8/20,1/10/20
G03,7,12/30/19,A,1/6/20,N,1/6/20,Y,1/8/20,1/10/20
G03,8,12/30/19,A,1/6/20,N,1/6/20,Y,1/8/20,1/10/20
G03,9,12/30/19,A,1/6/20,N,1/6/20,Y,1/8/20,1/10/20
G03,10,12/30/19,A,1/6/20,N,1/6/20,Y,1/8/20,1/10/20
G03,11,12/30/19,A,1/6/20,N,1/6/20,Y,1/8/20,1/10/20
G03,12,12/30/19,A,1/6/20,N,1/6/20,Y,1/8/20,1/10/20
G03,13,12/30/19,A,1/6/20,N,1/6/20,Y,1/8/20,1/10/20
G03,14,12/30/19,A,1/6/20,N,1/6/20,Y,1/10/20,1/10/20
G03,15,12/30/19,A,1/6/20,N,1/6/20,Y,1/10/20,1/10/20
G03,16,12/30/19,B,1/6/20,N,1/6/20,Y,1/8/20,1/10/20
G03,17,12/30/19,B,1/6/20,N,1/6/20,Y,1/8/20,1/10/20
G03,18,12/30/19,B,1/6/20,N,1/6/20,Y,1/8/20,1/10/20
G03,19,12/30/19,B,1/6/20,N,1/6/20,Y,1/8/20,1/10/20
G03,20,12/30/19,B,1/6/20,N,1/6/20,Y,1/8/20,1/10/20
G03,21,12/30/19,B,1/6/20,N,1/6/20,Y,1/8/20,1/10/20
G03,22,12/30/19,B,1/6/20,N,1/6/20,Y,1/8/20,1/10/20
G03,23,12/30/19,B,1/6/20,N,1/6/20,Y,1/8/20,1/10/20
G03,24,12/30/19,B,1/6/20,N,1/6/20,Y,1/8/20,1/10/20
G03,25,12/30/19,B,1/6/20,N,1/6/20,Y,1/8/20,1/10/20
G03,26,12/30/19,B,1/6/20,N,1/6/20,Y,1/8/20,1/10/20
G03,27,12/30/19,B,1/6/20,N,1/6/20,Y,1/8/20,1/10/20
G03,28,12/30/19,B,1/6/20,N,1/6/20,Y,1/8/20,
G03,29,12/30/19,B,1/6/20,N,1/6/20,Y,1/8/20,
G03,30,12/30/19,B,1/6/20,N,1/6/20,Y,1/8/20,
G12,1,12/30/19,A,1/6/20,N,1/6/20,Y,1/8/20,
G12,2,12/30/19,A,1/6/20,N,1/6/20,Y,1/8/20,1/10/20
G12,3,12/30/19,A,1/6/20,N,1/6/20,Y,1/8/20,1/10/20
G12,4,12/30/19,A,1/6/20,N,1/6/20,Y,1/8/20,1/10/20
G12,5,12/30/19,A,1/6/20,N,1/6/20,Y,1/8/20,1/10/20
G12,6,12/30/19,A,1/6/20,N,1/6/20,Y,1/8/20,1/10/20
G12,7,12/30/19,A,1/6/20,N,1/6/20,Y,1/8/20,1/10/20
G12,8,12/30/19,A,1/6/20,N,1/6/20,Y,1/8/20,1/10/20
G12,9,12/30/19,A,1/6/20,N,1/6/20,Y,1/8/20,1/10/20
G12,10,12/30/19,A,1/6/20,N,1/6/20,Y,1/8/20,1/10/20
G12,11,12/30/19,A,1/6/20,N,1/6/20,Y,1/8/20,1/10/20
G12,12,12/30/19,A,1/6/20,N,1/6/20,Y,1/8/20,1/10/20
G12,13,12/30/19,A,1/6/20,N,1/6/20,Y,1/8/20,1/10/20
G12,14,12/30/19,A,1/6/20,N,1/6/20,Y,1/8/20,1/13/20
G12,15,12/30/19,A,1/6/20,N,1/6/20,Y,1/8/20,
G12,16,12/30/19,B,1/6/20,N,1/6/20,Y,1/8/20,1/10/20
G12,17,12/30/19,B,1/6/20,N,1/6/20,Y,1/8/20,1/10/20
G12,18,12/30/19,B,1/6/20,N,1/6/20,Y,1/8/20,1/10/20
G12,19,12/30/19,B,1/6/20,N,1/6/20,Y,1/8/20,1/10/20
G12,20,12/30/19,B,1/6/20,N,1/6/20,Y,1/8/20,1/10/20
G12,21,12/30/19,B,1/6/20,N,1/6/20,Y,1/8/20,1/10/20
G12,22,12/30/19,B,1/6/20,N,1/6/20,Y,1/8/20,1/10/20
G12,23,12/30/19,B,1/6/20,N,1/6/20,Y,1/8/20,1/10/20
G12,24,12/30/19,B,1/6/20,N,1/6/20,Y,1/8/20,1/10/20
G12,25,12/30/19,B,1/6/20,N,1/6/20,Y,1/8/20,1/10/20
G12,26,12/30/19,B,1/6/20,N,1/6/20,Y,1/8/20,1/10/20
G12,27,12/30/19,B,1/6/20,N,1/6/20,Y,1/8/20,1/10/20
G12,28,12/30/19,B,1/6/20,N,1/6/20,Y,1/8/20,1/10/20
G12,29,12/30/19,B,1/6/20,N,1/6/20,Y,1/8/20,1/10/20
G12,30,12/30/19,B,1/6/20,N,1/6/20,Y,1/8/20,
G10,1,12/30/19,A,1/6/20,N,1/6/20,Y,1/8/20,1/10/20
G10,2,12/30/19,A,1/6/20,N,1/6/20,Y,1/8/20,1/10/20
G10,3,12/30/19,A,1/6/20,N,1/6/20,Y,1/8/20,1/10/20
G10,4,12/30/19,A,1/6/20,N,1/6/20,Y,1/8/20,1/10/20
G10,5,12/30/19,A,1/6/20,N,1/6/20,Y,1/8/20,1/10/20
G10,6,12/30/19,A,1/6/20,N,1/6/20,Y,1/8/20,1/10/20
G10,7,12/30/19,A,1/6/20,N,1/6/20,Y,1/8/20,1/10/20
G10,8,12/30/19,A,1/6/20,N,1/6/20,Y,1/8/20,1/10/20
G10,9,12/30/19,A,1/6/20,N,1/6/20,Y,1/8/20,1/10/20
G10,10,12/30/19,A,1/6/20,N,1/6/20,Y,1/8/20,1/10/20
G10,11,12/30/19,A,1/6/20,N,1/6/20,Y,1/8/20,1/10/20
G10,12,12/30/19,A,1/6/20,N,1/6/20,Y,1/8/20,1/10/20
G10,13,12/30/19,A,1/6/20,N,1/6/20,Y,1/8/20,1/10/20
G10,14,12/30/19,A,1/6/20,N,1/6/20,Y,1/8/20,1/10/20
G10,15,12/30/19,A,1/6/20,N,1/6/20,Y,1/8/20,1/10/20
G10,16,12/30/19,B,1/6/20,N,1/6/20,Y,1/8/20,1/10/20
G10,17,12/30/19,B,1/6/20,N,1/6/20,Y,1/8/20,1/10/20
G10,18,12/30/19,B,1/6/20,N,1/6/20,Y,1/8/20,1/10/20
G10,19,12/30/19,B,1/6/20,N,1/6/20,Y,1/8/20,1/10/20
G10,20,12/30/19,B,1/6/20,N,1/6/20,Y,1/8/20,1/10/20
G10,21,12/30/19,B,1/6/20,N,1/6/20,Y,1/8/20,1/10/20
G10,22,12/30/19,B,1/6/20,N,1/6/20,Y,1/8/20,1/10/20
G10,23,12/30/19,B,1/6/20,N,1/6/20,Y,1/8/20,1/10/20
G10,24,12/30/19,B,1/6/20,N,1/6/20,Y,1/8/20,1/10/20
G10,25,12/30/19,B,1/6/20,N,1/6/20,Y,1/8/20,1/10/20
G10,26,12/30/19,B,1/6/20,N,1/6/20,Y,1/8/20,1/10/20
G10,27,12/30/19,B,1/6/20,N,1/6/20,Y,1/8/20,1/10/20
G10,28,12/30/19,B,1/6/20,N,1/6/20,Y,1/8/20,1/10/20
G10,29,12/30/19,B,1/6/20,N,1/6/20,Y,1/8/20,
G10,30,12/30/19,B,1/6/20,N,1/6/20,Y,1/8/20,
G07,1,12/30/19,A,1/6/20,N,1/6/20,Y,1/10/20,mold
G07,2,12/30/19,A,1/6/20,N,1/6/20,Y,1/10/20,mold
G07,3,12/30/19,A,1/6/20,N,1/6/20,Y,1/10/20,mold
G07,4,12/30/19,A,1/6/20,N,1/6/20,Y,1/10/20,mold
G07,5,12/30/19,A,1/6/20,N,1/6/20,Y,1/10/20,mold
G07,6,12/30/19,A,1/6/20,N,1/6/20,Y,1/10/20,mold
G07,7,12/30/19,A,1/6/20,N,1/6/20,Y,1/10/20,mold
G07,8,12/30/19,A,1/6/20,N,1/6/20,Y,1/10/20,1/10/20
G07,9,12/30/19,A,1/6/20,N,1/6/20,Y,1/10/20,mold
G07,10,12/30/19,A,1/6/20,N,1/6/20,Y,1/10/20,mold
G07,11,12/30/19,A,1/6/20,N,1/6/20,Y,1/10/20,mold
G07,12,12/30/19,A,1/6/20,N,1/6/20,Y,1/10/20,mold
G07,13,12/30/19,A,1/6/20,N,1/6/20,Y,1/10/20,mold
G07,14,12/30/19,A,1/6/20,N,1/6/20,Y,1/10/20,mold
G07,15,12/30/19,A,1/6/20,N,1/6/20,Y,1/10/20,mold
G07,16,12/30/19,B,1/6/20,N,1/6/20,Y,1/10/20,mold
G07,17,12/30/19,B,1/6/20,N,1/6/20,Y,1/10/20,mold
G07,18,12/30/19,B,1/6/20,N,1/6/20,Y,1/10/20,mold
G07,19,12/30/19,B,1/6/20,N,1/6/20,Y,1/10/20,mold
G07,20,12/30/19,B,1/6/20,N,1/6/20,Y,1/10/20,mold
G07,21,12/30/19,B,1/6/20,N,1/6/20,Y,1/10/20,mold
G07,22,12/30/19,B,1/6/20,N,1/6/20,Y,1/10/20,mold
G07,23,12/30/19,B,1/6/20,N,1/6/20,Y,1/10/20,mold
G07,24,12/30/19,B,1/6/20,N,1/6/20,Y,1/10/20,mold
G07,25,12/30/19,B,1/6/20,N,1/6/20,Y,1/10/20,mold
G07,26,12/30/19,B,1/6/20,N,1/6/20,Y,1/10/20,1/10/20
G07,27,12/30/19,B,1/6/20,N,1/6/20,Y,1/10/20,mold
G07,28,12/30/19,B,1/6/20,N,1/6/20,Y,1/10/20,1/10/20
G07,29,12/30/19,B,1/6/20,N,1/6/20,Y,1/10/20,mold
G07,30,12/30/19,B,1/6/20,N,1/6/20,Y,1/10/20,1/10/20
G04,1,12/30/19,A,1/6/20,Y,NA,N,1/10/20,1/10/20
G04,2,12/30/19,A,1/6/20,N,1/11/20,Y,,1/13/20
G04,3,12/30/19,A,1/6/20,N,1/11/20,Y,,1/13/20
G04,4,12/30/19,A,1/6/20,N,1/11/20,Y,,1/13/20
G04,5,12/30/19,A,1/6/20,N,1/11/20,Y,,1/13/20
G04,6,12/30/19,A,1/6/20,N,1/11/20,Y,,1/13/20
G04,7,12/30/19,A,1/6/20,N,1/11/20,Y,,1/13/20
G04,8,12/30/19,A,1/6/20,N,1/11/20,Y,,1/13/20
G04,9,12/30/19,A,1/6/20,N,1/11/20,Y,,1/13/20
G04,10,12/30/19,A,1/6/20,N,1/11/20,Y,,1/13/20
G04,11,12/30/19,A,1/6/20,N,1/11/20,Y,,1/13/20
G04,12,12/30/19,A,1/6/20,N,1/11/20,Y,,1/13/20
G04,13,12/30/19,A,1/6/20,N,1/11/20,Y,,1/13/20
G04,14,12/30/19,A,1/6/20,Y,NA,N,1/6/20,1/10/20
G04,15,12/30/19,A,1/6/20,N,1/11/20,Y,,1/13/20
G04,16,12/30/19,B,1/6/20,N,1/6/20,Y,1/8/20,1/8/20
G04,17,12/30/19,B,1/6/20,N,1/6/20,Y,1/8/20,1/8/20
G04,18,12/30/19,B,1/6/20,N,1/6/20,Y,1/8/20,1/8/20
G04,19,12/30/19,B,1/6/20,N,1/6/20,Y,1/8/20,1/8/20
G04,20,12/30/19,B,1/6/20,N,1/6/20,Y,1/8/20,1/8/20
G04,21,12/30/19,B,1/6/20,N,1/6/20,Y,1/8/20,1/8/20
G04,22,12/30/19,B,1/6/20,N,1/6/20,Y,1/8/20,1/8/20
G04,23,12/30/19,B,1/6/20,N,1/6/20,Y,1/8/20,1/8/20
G04,24,12/30/19,B,1/6/20,N,1/6/20,Y,1/8/20,1/8/20
G04,25,12/30/19,B,1/6/20,N,1/6/20,Y,1/8/20,1/8/20
G04,26,12/30/19,B,1/6/20,N,1/6/20,Y,1/8/20,1/8/20
G04,27,12/30/19,B,1/6/20,N,1/6/20,Y,1/8/20,1/8/20
G04,28,12/30/19,B,1/6/20,N,1/6/20,Y,1/8/20,1/8/20
G04,29,12/30/19,B,1/6/20,N,1/6/20,Y,1/8/20,1/8/20
G04,30,12/30/19,B,1/6/20,N,1/6/20,Y,1/10/20,1/10/20
G13,1,12/30/19,A,1/6/20,N,1/6/20,Y,1/8/20,
G13,2,12/30/19,A,1/6/20,N,1/6/20,Y,1/8/20,1/10/20
G13,3,12/30/19,A,1/6/20,N,1/6/20,Y,1/8/20,1/10/20
G13,4,12/30/19,A,1/6/20,N,1/6/20,Y,1/8/20,1/10/20
G13,5,12/30/19,A,1/6/20,N,1/6/20,Y,1/8/20,1/10/20
G13,6,12/30/19,A,1/6/20,N,1/6/20,Y,1/8/20,1/10/20
G13,7,12/30/19,A,1/6/20,N,1/6/20,Y,1/8/20,
G13,8,12/30/19,A,1/6/20,N,1/6/20,Y,1/8/20,1/10/20
G13,9,12/30/19,A,1/6/20,N,1/6/20,Y,1/8/20,1/10/20
G13,10,12/30/19,A,1/6/20,N,1/6/20,Y,1/8/20,1/10/20
G13,11,12/30/19,A,1/6/20,N,1/6/20,Y,1/8/20,1/10/20
G13,12,12/30/19,A,1/6/20,N,1/6/20,Y,1/8/20,1/10/20
G13,13,12/30/19,A,1/6/20,N,1/6/20,Y,1/8/20,1/10/20
G13,14,12/30/19,A,1/6/20,N,1/6/20,Y,1/8/20,1/10/20
G13,15,12/30/19,A,1/6/20,N,1/6/20,Y,1/8/20,
G13,16,12/30/19,B,1/6/20,N,1/6/20,Y,1/8/20,1/10/20
G13,17,12/30/19,B,1/6/20,N,1/6/20,Y,1/8/20,1/10/20
G13,18,12/30/19,B,1/6/20,N,1/6/20,Y,1/8/20,1/10/20
G13,19,12/30/19,B,1/6/20,N,1/6/20,Y,1/8/20,1/10/20
G13,20,12/30/19,B,1/6/20,N,1/6/20,Y,1/8/20,1/10/20
G13,21,12/30/19,B,1/6/20,N,1/6/20,Y,1/8/20,1/10/20
G13,22,12/30/19,B,1/6/20,N,1/6/20,Y,1/8/20,1/10/20
G13,23,12/30/19,B,1/6/20,N,1/6/20,Y,1/8/20,1/10/20
G13,24,12/30/19,B,1/6/20,N,1/6/20,Y,1/8/20,1/10/20
G13,25,12/30/19,B,1/6/20,N,1/6/20,Y,1/8/20,1/10/20
G13,26,12/30/19,B,1/6/20,N,1/6/20,Y,1/8/20,1/10/20
G13,27,12/30/19,B,1/6/20,N,1/6/20,Y,1/8/20,
G13,28,12/30/19,B,1/6/20,N,1/6/20,Y,1/8/20,1/10/20
G13,29,12/30/19,B,1/6/20,N,1/6/20,Y,1/8/20,
G13,30,12/30/19,B,1/6/20,N,1/6/20,Y,1/8/20,
G01,1,12/30/19,A,1/6/20,N,1/6/20,Y,lost,
G01,2,12/30/19,A,1/6/20,N,1/6/20,Y,1/8/20,1/8/20
G01,3,12/30/19,A,1/6/20,N,1/6/20,Y,1/8/20,1/8/20
G01,4,12/30/19,A,1/6/20,N,1/6/20,Y,1/8/20,1/8/20
G01,5,12/30/19,A,1/6/20,N,1/6/20,Y,1/8/20,1/8/20
G01,6,12/30/19,A,1/6/20,N,1/6/20,Y,1/8/20,1/8/20
G01,7,12/30/19,A,1/6/20,N,1/6/20,Y,1/8/20,1/8/20
G01,8,12/30/19,A,1/6/20,N,1/6/20,Y,1/8/20,1/8/20
G01,9,12/30/19,A,1/6/20,N,1/6/20,Y,1/8/20,1/8/20
G01,10,12/30/19,A,1/6/20,N,1/6/20,Y,1/8/20,1/8/20
G01,11,12/30/19,A,1/6/20,N,1/6/20,Y,1/8/20,1/8/20
G01,12,12/30/19,A,1/6/20,N,1/6/20,Y,1/8/20,1/8/20
G01,13,12/30/19,A,1/6/20,N,1/6/20,Y,1/8/20,1/8/20
G01,14,12/30/19,A,1/6/20,N,1/6/20,Y,1/8/20,
G01,15,12/30/19,A,1/6/20,N,1/6/20,Y,1/8/20,1/8/20
G01,16,12/30/19,B,1/6/20,,,N,1/8/20,1/8/20
G01,17,12/30/19,B,1/6/20,,,N,1/8/20,1/8/20
G01,18,12/30/19,B,1/6/20,,,N,1/8/20,1/8/20
G01,19,12/30/19,B,1/6/20,,,N,1/8/20,1/8/20
G01,20,12/30/19,B,1/6/20,,,N,1/8/20,1/8/20
G01,21,12/30/19,B,1/6/20,,,N,1/8/20,1/8/20
G01,22,12/30/19,B,1/6/20,,,N,1/8/20,1/8/20
G01,23,12/30/19,B,1/6/20,,,N,1/8/20,1/8/20
G01,24,12/30/19,B,1/6/20,,,N,1/8/20,1/8/20
G01,25,12/30/19,B,1/6/20,,,N,1/8/20,1/8/20
G01,26,12/30/19,B,1/6/20,,,N,1/8/20,1/8/20
G01,27,12/30/19,B,1/6/20,,,N,,
G01,28,12/30/19,B,1/6/20,,,N,1/8/20,1/8/20
G01,29,12/30/19,B,1/6/20,,,N,1/8/20,1/8/20
G01,30,12/30/19,B,1/6/20,,,N,1/8/20,1/8/20
G02,1,12/30/19,A,1/6/20,N,1/6/20,Y,,
G02,2,12/30/19,A,1/6/20,N,1/6/20,Y,1/8/20,1/8/20
G02,3,12/30/19,A,1/6/20,N,1/6/20,Y,1/8/20,1/8/20
G02,4,12/30/19,A,1/6/20,N,1/6/20,Y,1/8/20,1/8/20
G02,5,12/30/19,A,1/6/20,N,1/6/20,Y,1/10/20,1/10/20
G02,6,12/30/19,A,1/6/20,N,1/6/20,Y,1/8/20,1/8/20
G02,7,12/30/19,A,1/6/20,N,1/6/20,Y,1/8/20,1/8/20
G02,8,12/30/19,A,1/6/20,N,1/6/20,Y,1/8/20,1/8/20
G02,9,12/30/19,A,1/6/20,N,1/6/20,Y,,
G02,10,12/30/19,A,1/6/20,N,1/6/20,Y,1/8/20,1/8/20
G02,11,12/30/19,A,1/6/20,N,1/6/20,Y,1/8/20,1/8/20
G02,12,12/30/19,A,1/6/20,N,1/6/20,Y,1/8/20,1/8/20
G02,13,12/30/19,A,1/6/20,N,1/6/20,Y,1/8/20,1/8/20
G02,14,12/30/19,A,1/6/20,N,1/6/20,Y,1/8/20,1/8/20
G02,15,12/30/19,A,1/6/20,N,1/6/20,Y,1/10/20,1/10/20
G02,16,12/30/19,B,1/6/20,N,1/6/20,Y,1/8/20,1/8/20
G02,17,12/30/19,B,1/6/20,N,1/6/20,Y,1/8/20,1/8/20
G02,18,12/30/19,B,1/6/20,N,1/6/20,Y,1/8/20,1/8/20
G02,19,12/30/19,B,1/6/20,N,1/6/20,Y,1/8/20,1/8/20
G02,20,12/30/19,B,1/6/20,N,1/6/20,Y,1/8/20,1/8/20
G02,21,12/30/19,B,1/6/20,N,1/6/20,Y,,
G02,22,12/30/19,B,1/6/20,N,1/6/20,Y,1/8/20,1/8/20
G02,23,12/30/19,B,1/6/20,N,1/6/20,Y,,
G02,24,12/30/19,B,1/6/20,N,1/6/20,Y,1/8/20,1/8/20
G02,25,12/30/19,B,1/6/20,N,1/6/20,Y,1/8/20,1/8/20
G02,26,12/30/19,B,1/6/20,N,1/6/20,Y,1/8/20,1/8/20
G02,27,12/30/19,B,1/6/20,N,1/6/20,Y,1/8/20,1/8/20
G02,28,12/30/19,B,1/6/20,N,1/6/20,Y,1/8/20,1/8/20
G02,29,12/30/19,B,1/6/20,N,1/6/20,Y,1/8/20,1/8/20
G02,30,12/30/19,B,1/6/20,N,1/6/20,Y,,